"AEW541_ActArea","Nilotinib_ActArea","17-AAG_ActArea","PHA-665752_ActArea","Lapatinib_ActArea","Nutlin-3_ActArea","AZD0530_ActArea","PF2341066_ActArea","L-685458_ActArea","ZD-6474_ActArea","Panobinostat_ActArea","Sorafenib_ActArea","Irinotecan_ActArea","Topotecan_ActArea","LBW242_ActArea","PD-0325901_ActArea","PD-0332991_ActArea","Paclitaxel_ActArea","AZD6244_ActArea","PLX4720_ActArea","RAF265_ActArea","TAE684_ActArea","TKI258_ActArea","Erlotinib_ActArea"
1.4906,0.4477,5.1669,1.2814,0.369,0.1367,0.7022,1.6642,0.5255,NA,4.2477,0.4215,2.4904,3.3191,1.2075,0.7033,0.05377,5.1481,0.2497,NA,1.8471,1.3576,1.2562,0.3233
1.4376,0.7575,2.9596,0.669,1.5596,0.7115,2.1677,0.2945,0.06305,1.2662,3.5201,0.1058,1.8827,3.1708,0.642,1.9489,0.9353,4.0875,0.6281,0.338,2.1399,0.7222,0.9248,1.8863
0.5954,0.5356,3.3045,0.361,1.0403,0.04249,0.4241,0.5546,0,NA,3.109,0.552,3.0887,3.3734,0.005701,1.0241,0,3.5178,0.3118,NA,1.4951,0.5023,0.847,0.08267
1.529,0.239,5.3606,0.2249,0.2365,0.6041,0.3882,0.744,0.07509,0.8542,4.9398,0.2541,3.224,2.7849,0.7298,3.9209,0.8202,4.8993,3.0232,1.1158,1.58,1.5851,0.9497,0.1433
1.4882,0.259,4.5336,0.5045,0.429,0.23,1.5617,1.0965,0.02159,1.3838,5.4217,0.7994,3.4062,3.8799,0.3787,3.7488,0.3324,5.7431,2.824,0.1083,1.3487,2.0974,0.735,0.07553
0.913,0.1668,3.6897,0.02942,0.6464,0,0.8336,0.612,0.03493,0.8651,4.1673,0.4575,2.8648,2.5156,0.3144,2.0873,0.06381,6.4269,0.7299,0,0.9551,1.0451,0.7375,0.05463
0.6521,0.5386,2.6699,0.2232,0.2793,0.5119,0.04244,0.8519,0.024,0.1834,4.3195,0.539,3.3657,3.162,0.3379,0.9161,0.02076,6.4903,0.5487,0.1305,0.5404,0.6623,1.0095,0.1555
0.9805,0.2386,3.5373,0.1498,0.2847,0.01412,0.04946,0.1298,0.1943,0.7882,4.117,0.6293,3.1056,2.6856,0.1968,5.61,0.09373,5.3262,3.8036,0.5122,3.249,0.4449,1.4256,0.5104
1.657,0.7497,3.905,0.1632,0.6047,0.7347,1.7225,1.1095,0,1.9235,3.4812,0,1.5901,1.2993,0.3136,3.115,0.3713,3.4066,1.5237,0.3741,0.8736,2.4551,0.2457,0.399
0.3245,0.2082,3.2746,0,0.3614,0.6257,1.7451,0.846,0.1058,1.3798,3.5238,0.2793,0.9451,0.9675,0.006976,3.6998,0.5099,3.1435,2.7227,0.09305,1.8703,1.623,0.6438,0.6797
0.2644,0.09143,2.7526,0,0.9129,0,1.3038,0.1799,0,NA,4.9402,0.326,2.605,2.1093,0.2594,0.9157,0,3.8972,0.3168,NA,2.0174,0.4506,0.7044,0.8427
0.6674,0.4157,4.7559,0.03508,0.6209,0.9955,0.3709,1.3639,0.7732,1.3352,4.5095,0.9908,4.4446,4.6525,0.3406,3.6018,0.6759,6.5225,2.5348,0.3847,2.0551,1.9146,1.8416,0.2241
0.3161,0.4447,2.6076,0.05415,0.8646,0.2323,1.9254,0.1002,0,NA,4.0604,0.8575,2.3182,3.0213,0.06797,1.8264,0.01444,3.7989,0.6622,NA,1.889,0.568,0.8688,1.1493
1.4213,0.9206,3.2255,0.3437,0.6736,0.1456,0.61,0.6209,0.6459,0.4266,5.3056,0.7736,3.8559,3.8351,1.6828,0.9559,0.7345,5.7354,0.6744,0.2859,1.3993,1.3403,1.1127,0.1121
1.1943,0.5484,3.5284,0.2063,0.3248,0.3876,0.514,0.3011,0,0.8517,3.9406,0.06075,2.8192,1.972,0.795,2.8012,0.1802,3.0234,2.0305,1.0325,1.1696,1.0744,0.339,0.1272
1.4618,0.6065,2.73,0.6852,0.6687,0.6093,0.04896,0.5345,0.003384,1.459,4.8894,0.5472,2.933,2.5552,0.2338,3.6445,0.4534,5.2658,2.493,1.433,2.2205,0.8642,0.7623,0.03277
0.9099,0.2472,3.2082,0.4499,1.0678,0.6192,1.657,0.765,0.04978,1.6519,3.9747,0.3819,1.5047,0.1703,0.5259,1.0196,0.1599,3.9561,0.7726,0.5576,2.1599,1.6853,1.4078,1.4249
1.0935,0.2589,3.2431,0.2858,0.6474,0.4299,1.4284,0.975,0,1.2371,4.0085,0.7027,3.5233,3.3451,0,3.0873,0.1536,5.4204,2.0182,0.1674,0.7633,0.773,0.408,0.5347
0.9336,0.1666,3.3577,0.2251,0.3009,0.4623,0.3278,0.4068,0.02135,0.5239,4.6716,0.09031,2.5234,2.2942,0.8372,2.3595,0.294,3.3945,1.5491,0.752,1.2493,0.9149,0.5711,0.0222
0.8222,0.3245,3.2799,0.5543,2.0464,0.28,1.1383,0.1746,0,1.3301,5.1254,0.6945,2.9906,2.8476,0.4602,0.8246,0.08206,5.8572,0.7278,0.3171,2.3918,1.4133,1.0597,1.207
0.3336,0.3538,2.6406,0.04844,0.1664,0.08353,0.8153,0.6149,0.1343,1.4031,3.4407,1.0337,3.9008,2.8967,0.9006,0.005301,0,6.1409,0.4429,1.1699,1.3319,1.7266,1.1322,1.0477
0.4566,0.1506,3.9631,0.3605,0.5477,0.3815,1.6485,0.415,0.2344,0.9598,3.7608,1.0759,2.6233,2.732,0.9197,1.3425,0.1943,5.0367,1.2785,0.6667,3.3561,1.3244,1.7314,0.8857
1.3966,0.2155,3.4197,0.2758,0.411,0.02477,0.6383,0.6001,0.1851,1.1518,4.1905,0.4228,2.2418,1.5994,0.4818,2.611,0,4.0922,2.1312,0.2848,1.5547,1.4991,0.5118,0.2484
0.4298,0.02441,1.3862,0,0.3303,0.1494,0.8493,0,0.1184,0.4626,3.2763,0.3679,1.8955,1.9364,0.4272,0.9977,0.0811,3.0491,0.7329,0.02867,0.7466,0.666,0.3697,0.1429
1.1125,0.1257,2.8905,0.2391,0.4346,0.6243,0.7499,0.455,0.03189,0.8277,3.8005,0.2335,3.3047,2.5101,0.12,1.6923,0.5023,4.4553,1.6292,0.1424,0.9033,1.205,0.5299,0.3066
0.9753,0.3102,4.9167,0,1.2422,0.254,1.8416,0.4445,0.1499,1.7591,3.6894,0.5507,2.5802,4.0152,0.3874,2.026,0.1732,5.1832,1.0569,0.2542,2.3273,0.8499,0.973,1.2982
1.1052,0.5979,4.5134,0.5584,1.053,0.1048,1.3243,0.4672,0.1614,1.6382,4.588,1.3145,3.5353,3.8274,0.4205,1.327,0.3092,6.5093,0.4484,0.4418,2.3833,1.707,1.8672,1.0646
2.1301,0.4601,1.7438,0.2678,0.6817,0.3852,1.7494,0.2888,0.1524,1.3519,3.5401,0.6551,1.2757,0.7803,0.1906,2.2864,0.0499,4.3524,1.8458,0.1328,1.4192,1.5291,1.356,0.8677
1.5363,1.1576,3.6466,0.269,0.5408,0.383,0.1187,0.5432,0,0.8149,4.7209,0.8727,2.1141,1.5046,0.9947,6.4385,0.4133,3.8672,4.9654,3.0335,2.8473,1.2676,1.2525,0.2374
2.4135,1.1375,4.355,0.4828,0.7467,1.1578,0.2465,0.4616,1.3154,1.1307,6.804,0.3402,NA,3.8314,0.2931,1.3436,2.4095,7.086,1.3018,0.4044,2.193,1.8171,1.2077,1.0481
1.137,0.4823,2.537,0.05954,0.3194,0.5323,1.4143,0.238,0.02585,1.1189,2.8925,1.0637,0.8403,1.2564,0.2173,0.8449,0.4777,4.9955,0.8136,0.6113,1.4113,1.2075,1.8327,0.5313
0.868,0.3488,2.7457,1.0773,0.2992,0.8056,1.475,0.468,0,0.6038,3.7393,0.7186,3.4461,3.2015,0.4507,2.9241,0.3863,5.3756,3.1418,1.8659,2.5702,1.4749,0.6195,0.3955
0.5856,0.403,3.8485,0,0.0632,0.1962,0.596,0.7314,0.06468,NA,4.431,0.6201,3.4329,3.8241,0.04267,2.2657,0.4718,5.1752,0.9399,NA,2.2513,0.8663,0.8956,0.2561
1.71,0.5732,4.996,0.7922,1.0545,0.3708,0.8178,0.618,0.3496,0.8166,4.8641,0.4757,3.6813,4.4313,0.9173,4.4466,1.274,6.6492,3.0327,0.8008,2.0903,1.8716,1.0366,0.8959
1.4577,0.1627,4.962,0,0,0.4372,0.09312,1.122,0,1.2619,4.822,0.4125,3.6838,3.5414,0.06866,4.7172,0.7942,6.0438,3.5274,0.09719,1.2912,1.9704,1.0755,0
0.5664,0.2101,3.4601,0.6267,0.3587,0.5542,0.2996,0.678,0.05555,0.3113,4.9122,0.8268,3.3454,3.2013,0.1936,3.6651,0.1507,6.4469,1.9489,0.171,2.0303,1.092,0.6307,0.2184
1.31,0.0939,2.3024,0.1233,0.532,0.3594,1.8178,0.6149,0.7546,1.3906,3.8161,0.8126,1.3083,2.0667,0.3024,1.8358,0.6809,3.9578,1.3659,0.4771,1.7293,1.457,1.1723,0.9017
0.9597,0.07206,4.4163,0.2331,0.7691,0.02354,1.391,0.6584,0.08201,1.5505,4.9332,0.3253,3.5571,2.9817,0.2907,1.3267,0.05875,6.0946,0.864,0.2992,2.4128,1.4144,1.2529,0.9805
1.0032,0.4161,3.2074,0.04629,1.7718,0.3145,0.3391,0.4875,0.1434,1.1217,4.3554,0.4845,4.4701,3.5181,0.3253,1.5302,0.1368,6.4953,1.3015,0.3614,2.1702,0.8375,0.8761,1.0717
0.2356,0.7005,2.0922,0.5486,0.9673,2.1103,0.1274,0.4815,0.4891,0.04064,4.9024,0.8119,2.7765,1.1798,1.3409,3.0417,0.442,3.657,1.7595,0.4425,1.6529,0.8386,0.6534,0.09419
1.6406,0.6661,2.9712,0.08954,0.6707,0.4832,0.4962,0.4691,0,0.4353,3.6981,0.6549,1.7063,1.8717,0.2759,3.1106,0.2405,4.9753,1.8637,0,1.4266,1.3264,1.2616,0.4884
0.3615,0,2.4662,0.08666,0,0.2102,0.2508,0.4959,0.03331,1.0122,4.0075,0.2818,2.5153,2.649,0.09733,0.5436,0,4.6157,0.2375,0.01494,1.3704,1.4006,1.1598,0.08293
1.0222,0.07336,3.3781,0.1393,0.3094,0.1706,0.5187,0.2606,0.2325,0.2174,3.3759,0.1468,1.7151,1.6636,0.2285,1.2184,0,5.9467,0.4696,0.06596,1.6132,1.3584,0.7472,0.4621
0.9348,0.5391,3.984,0.486,0,0.6993,0.1354,0.4152,0.3375,0.311,4.6206,0.4606,2.1461,2.2206,0.1373,4.7338,0.4765,4.5201,3.3142,2.2166,2.4244,0.853,0.6854,0.4867
1.5709,0.2871,2.7758,0,0.2996,0.338,0.3689,0.393,0,NA,3.2117,0.2155,1.234,1.099,0.04091,3.2738,0.03334,4.8529,2.2262,NA,0.894,1.6607,0.6834,0.1607
1.4368,0.2987,2.7021,0.1365,0.3326,0.1682,0.5394,0.4129,0,0.3792,3.2468,0.1994,2.3966,2.5865,0.04504,0.2633,0.559,4.4053,0.1214,0.09978,1.0498,1.3823,0.9419,0.4804
1.1017,0.3012,5.5367,0.04652,1.582,0,0.1335,0.2967,0.1205,0.6659,5.7776,0.8147,3.9137,3.126,0.3383,0.9213,0.2768,5.5396,0,0.1361,1.3141,1.0628,0.5439,0.1473
0.8462,0.6314,4.5708,0.07258,0.3964,0.09546,0.2935,0.5705,0,0.4307,4.7692,0.4936,2.8504,2.9714,0.727,4.0762,0.072,3.4582,3.4602,0.1413,1.9905,2.2049,0.482,0
0.508,0.1559,2.0471,0.2041,0.8776,0.5722,1.9162,0.3415,0.301,NA,4.7984,0.7373,2.6997,3.5208,0.1956,0.5565,0.1509,2.0493,0.3445,NA,2.134,0.7926,0.6268,0.8693
0.3216,0.2542,2.2591,0.01486,0.4367,0.3606,0.4466,0.1563,0.0583,0.2029,3.9406,0.6127,1.8003,2.9929,2.0923,0.8609,0.1033,4.5514,0,0,1.3031,1.1837,0.4459,0.3913
0.8423,0.1366,3.5942,0.1807,0.3719,0.5281,1.5,0.4126,0,1.2425,4.42,0.5575,3.7736,3.7109,0.7126,0.8906,0.04018,4.855,1.1747,0.5801,1.3733,0.8174,1.3732,0.5841
1.1814,0.6787,2.6346,0.2077,1.0195,0.02414,0.9084,0.3213,0.01443,0.2839,3.1759,1.1377,2.7435,2.7169,1.1051,1.4088,0.2188,3.1674,0.6149,0.1654,2.4916,0.9206,1.1809,0.4596
0.9258,0.2989,3.2674,0.4697,0.4123,0.2025,0.4257,0.8342,0.05788,0.1916,3.2886,0.2399,2.844,3.0484,0.2531,0.6552,0.1626,4.5241,0.466,0.2133,1.337,1.0372,0.9636,0.1438
0.1716,NA,3.7538,0.3838,0.1087,0.1188,0.04944,0,0.255,0.8184,3.3891,0.3239,NA,0.8829,1.8514,2.0602,NA,3.5617,1.5979,0.691,0.5653,0.07927,0.2933,0.1035
0.6781,0.5288,0.8741,0.6874,0.9322,0.4071,1.0493,0.4427,0.003237,1.4705,4.399,0.7286,3.466,4.2614,1.1443,1.2402,0.1503,4.1514,0.9964,0.7605,0.9857,0.4165,0.1252,0.4773
0.887,0.1666,4.7147,0.7694,1.3948,0.1788,1.5313,2.6605,0.1213,1.2065,4.8403,0.2001,4.2414,3.252,1.6295,1.8762,0.9013,4.8996,0.9345,0.4093,1.5374,1.8779,0.2963,0.842
0.7503,NA,3.4189,0.7094,2.3087,0.5473,1.8014,0.3273,0,2.3861,4.7212,0.1157,NA,2.4283,0.7254,2.5956,NA,3.4061,2.0146,0.2626,0.7362,1.8427,0.6354,1.8156
1.5288,NA,3.2033,0.5401,0.3625,1.339,1.3996,0.6386,0.2222,0.984,4.1913,0.9267,NA,3.5615,0.6123,1.746,0.6593,5.3659,0.833,0,1.1671,1.2566,0.5718,0.4775
0.7983,0.2487,2.7224,0.02345,0.3527,0.4886,0.9192,1.8879,0.003449,0.7584,4.2462,0.5604,3.0723,2.8877,0.3097,1.5899,0.2845,5.1908,0.4632,0.1109,1.6848,4.0317,1.0651,0.8593
0.675,0.3106,4.175,0.002634,0.306,0.2795,0,0.498,0.3502,0.4954,4.4865,0.03211,2.9952,2.7835,0.3965,1.1637,0.1348,6.7642,1.0537,0.1812,1.7063,0.873,1.0698,0.2999
1.921,NA,4.0054,1.9638,2.0259,1.4989,2.5709,1.3051,NA,2.0888,4.3314,0.5808,NA,3.7728,2.5655,2.3037,NA,4.9906,0.8823,1.0515,NA,2.4285,1.6466,2.3791
0.535,0.1169,2.9933,0,0,0.421,0.7849,0.2855,0.03915,0.832,4.0233,0.4904,3.2016,2.1326,0.6113,0.1691,0.7981,5.9668,0.1026,0.07222,1.3047,0.8424,1.2327,0
1.2766,NA,4.6117,0.0742,1.8201,0.1139,1.4841,0.3285,0.3826,2.5902,4.4314,0.3623,NA,4.1015,0.1843,2.5049,NA,4.7876,1.1148,0.06765,1.0799,0.868,0.3701,1.4192
0.9502,NA,4.4951,0.806,0.3622,0.2397,1.3435,0.2194,0.401,1.5508,5.2069,1.0666,NA,1.564,0.4887,1.9272,NA,4.4367,1.0491,0.6619,1.4073,1.3489,1.7745,0.3636
1.2066,0.479,3.2136,0,1.3016,0.6145,1.6957,0.8308,0.3091,1.5608,4.9122,0.1355,2.1034,1.9966,0.1315,3.5574,0.5663,6.095,2.7961,0.228,2.0185,1.0425,1.3047,1.5385
0.5417,NA,2.8006,0.7733,0.07309,0.2029,0.321,0.2938,0.003353,0.8977,3.699,0,NA,3.0246,0.8301,0.7796,0.01258,3.7283,0.8117,0.05758,0.6166,0.3088,0.6612,0.3626
1.1557,0.3714,3.8606,1.0101,0.6883,0.5754,0.9268,0.6549,0,0.9135,4.8063,0.827,NA,2.5426,1.6691,1.8382,0.1374,5.2761,1.4084,0.5192,1.6292,1.3415,0.8745,0.3449
1.511,NA,3.0328,0.4372,0.1923,0.106,1.5736,0.7092,NA,0.7187,4.0829,0.8441,NA,3.0781,1.0712,3.2483,NA,6.5055,1.5986,1.0378,NA,2.1373,0.79,0.4963
1.1,0.2903,4.1513,1.0882,0.7137,0.7127,1.7584,0.7572,0.1226,1.5185,4.0676,0.02507,2.8009,3.1782,1.6585,2.4447,0.8757,4.591,1.4771,0.5841,2.0361,1.8224,1.5633,0.5373
0.3003,0.3543,2.5565,0.09265,0.4217,0.3107,0.3648,0.5228,0.03436,0.2478,1.8786,0.4596,NA,1.0695,0.5001,1.1128,0.4161,4.5352,0.3037,0.01962,0.6137,0.4458,0.464,0.1385
0.868,NA,4.5286,0.8429,0.565,1.1217,1.0493,0.7375,NA,0.6134,4.6762,0.398,NA,3.8193,0.913,4.916,NA,5.3255,3.9363,3.0249,2.0133,1.354,0.7377,0.6873
0.5249,0.3222,3.2444,0.1629,0.8911,0.3682,0.7199,0.46,0.2754,1.5907,4.9023,0.4915,2.0817,2.3197,0.1119,1.4506,0.4306,3.8856,0.5816,0.1392,1.5917,0.6407,1.2541,0.9432
0.7763,NA,2.5464,0.8592,1.5418,0.5247,2.3456,0.658,0.3238,1.3823,4.2531,0.3111,NA,2.5258,0.8158,1.4756,NA,6.2607,0.9563,0,NA,0.5841,1.2325,1.5436
0.9253,NA,2.9064,0.453,0.4447,0.4547,1.1319,0.5073,0.4872,1.5118,3.909,0.583,NA,4.5965,1.0266,0.6229,NA,5.9629,0.314,0.3759,1.9443,0.7959,1.3124,0.6176
0.5457,NA,3.6972,0.4336,0.216,0.5693,0.5236,1.0878,0.2226,1.2145,4.6003,0.4663,NA,2.6126,0.4723,0.7663,NA,5.6551,0.6094,0.6865,NA,1.8359,0.7001,0.1787
1.5768,NA,4.4138,1.0704,1.6271,0.09898,3.3372,0.5781,1.3271,3.3291,4.1845,0.4259,NA,3.389,0.8567,1.4392,NA,6.7585,1.2008,0.3088,NA,1.7777,1.1328,3.7177
1.0965,0.5324,3.1735,0.704,1.1965,0.1933,1.2755,0.6978,0.1766,1.8618,4.147,0.2293,1.4083,0.9707,0.4363,1.0033,0.2584,3.8109,0.4508,0.09375,0.822,1.2969,0.2454,0.4664
0.5525,1.727,3.5747,0.6474,0.3485,0.364,0.714,0.5515,0.293,0.968,3.6206,2.0935,2.8739,2.586,0.3017,0.5889,0.8348,4.3533,0.117,0.05216,2.2706,1.2913,2.2652,0.3697
1.3212,NA,2.4817,0.6979,0.2098,0.4023,0.9396,0.4002,0.405,0.9198,3.9954,0.4794,NA,2.263,0.6972,2.216,NA,3.2911,1.4749,0.2355,NA,1.4907,0.6359,0.0789
1.3572,0.8719,1.5995,0.2943,0.4256,0.5109,0.2285,0.7947,0.8398,0.3811,5.4403,0.5582,3.0313,1.8683,0.5784,0.1101,0.304,4.6234,0.1913,0.2752,0.6182,1.318,0.6411,0.1621
0.4693,0,3.202,NA,0.03182,0,0.06091,0.005164,0.01935,0.878,3.3784,0.07522,NA,1.2569,NA,0.6165,0.0986,5.9558,NA,0.482,0.4206,0.07675,0.2032,0
1.0809,NA,4.2751,0.1941,0.1102,0.2963,0.1118,0.3076,0.6794,0.8723,4.002,0.1393,NA,3.151,0.2832,1.3956,NA,4.9726,0.6252,0.1837,0.9633,0.8719,0.4967,0.06994
1.627,NA,1.6901,1.2101,2.2679,0.2324,1.8523,0.385,NA,1.284,3.5643,0.1106,NA,2.3975,0.7395,1.9335,NA,3.5397,0.1921,0.4187,NA,0.808,1.4472,2.1105
1.2614,NA,4.5305,0.4611,1.7008,0.4469,1.6671,1.0874,NA,0.786,3.9365,0.3126,NA,3.9397,0.6691,0.3991,NA,6.5708,0.3191,0.5049,NA,1.0755,0.8789,1.55
0.5173,0.1507,2.5525,0.1855,0.1481,0.3224,0.7185,0.391,0,1.1563,3.932,0.1761,2.011,1.9046,0.6851,2.2718,0.3721,4.484,1.6739,0.1687,0.9198,0.1825,0.7941,0.2869
0.5889,0.2116,1.8778,0.333,1.0358,0.1986,1.4942,0.2181,0,0.7584,3.3759,0.3326,2.2955,1.6699,0.2116,1.3875,0.03832,2.0256,1.1417,0,0.8661,0.4804,0.3328,0.5729
0.4121,1.0923,4.6507,0.1384,0.219,0.9223,1.5267,0.4107,0,2.0944,4.3588,1.8088,3.4352,3.4254,0.8646,1.3252,0.2898,5.6305,0.3181,0.632,1.8535,1.35,2.145,0.3561
1.9311,0.6117,2.575,0.868,1.4168,0.9397,1.016,1.0025,1.5567,1.8697,3.384,0.8336,3.8767,3.7305,0.8595,1.5386,0.903,6.075,0.9323,0.1516,1.9761,1.4916,1.6093,1.8648
0.4272,0.4922,2.6725,0.3554,0.4868,0.6416,1.8421,0.6993,0.2808,1.1847,4.3584,0.9695,3.8142,3.9431,0.1064,0.8026,0.7611,6.2674,0.09705,0.05898,1.6093,1.4665,1.1542,0.8777
1.0007,0.641,4.799,0.1106,1.0001,0.2901,0.8363,0.533,0.1532,0.9727,3.7698,0.5889,3.4086,4.1961,1.6262,0.1503,0,5.817,0.2601,0.4886,2.1067,0.7964,1.0845,0.2467
1.3703,0.07419,3.6877,0.04997,1.9052,0.1528,1.7728,0.2923,0.09294,1.7151,4.751,0.04859,2.8611,2.4477,1.9431,2.3533,0.2048,5.3918,1.7048,0.2709,2.3477,0.9655,0.322,2.0234
1.1699,0.08193,2.2269,0.2856,0.5927,0.2278,0.6374,0.3743,0.09827,1.2608,3.2021,0.5223,1.9361,2.5609,0.6449,1.0839,0.09228,3.8972,0.8452,0.2946,1.9322,1.7014,0.696,0.463
1.4484,0.521,3.5625,0.4121,0.1527,0.4491,0.9057,0.7175,0.02134,0.8069,4.6373,0.6118,3.9345,3.2038,0.09724,4.8148,0.1961,6.0932,3.2996,2.9645,2.2543,1.8735,1.0899,0.2889
1.8932,0.4398,5.3135,0.2648,0.8029,0.3962,0.9439,0.5708,0.1403,1.2904,4.5754,0.658,3.1076,2.4461,0.1759,4.683,0.343,6.2246,4.148,1.6266,2.0208,2.1444,0.9653,0
0.969,0.1473,2.7954,0.1508,0.3933,0.5178,0.6296,0.5367,0.0003624,0.5163,3.8112,0.01333,2.3295,2.4773,1.8489,2.213,0.2844,4.8987,1.0543,0.6301,1.4222,0.9395,0.6116,0.6342
1.3453,0.4471,1.6628,0.2392,0.03464,0.9531,0.2502,0.273,0.07814,0.2841,4.3233,0.9226,3.1361,2.5007,1.3178,4.2166,0.3079,4.9196,2.9562,2.0478,3.0013,0.8215,0.6991,0.4067
0.919,0.2055,3.4641,0.3612,0.2636,0.4258,0.7203,0.71,0.1918,0.7532,4.3351,0.6535,4.1102,3.7638,3.0047,3.1033,0.2519,6.4682,2.5552,0.7113,2.182,0.8553,1.2664,0.3722
0.4745,0.3649,2.0787,0.01305,0.3291,0.4157,1.6719,0.1819,0.02175,0.8141,3.2379,0.4568,1.9126,1.5711,0.1617,0,0.01016,4.2393,0.2844,0.1995,1.2956,0.9641,0.5543,0.5852
2.1877,0.2699,4.3543,0.1706,0.7505,0.6725,1.0985,1.2498,0.02406,1.3419,4.9117,0.6547,3.78,4.3472,0.3585,3.0522,0.5327,6.9774,1.6626,0.02544,0.9746,2.9431,2.3504,0.3784
1.0673,0.5547,4.1622,0.2236,1.5373,0.3105,0.9751,0.4736,0.7761,1.772,4.2428,1.0741,4.6195,4.3889,0.6979,2.1154,0.1617,7.0402,1.6916,0.8798,1.7195,1.003,0.6742,1.82
0.3154,0.2714,3.4931,0.443,0.5471,0.4944,0.03487,0.8907,0.002326,0.2363,3.4181,0.2031,1.4987,1.6427,0.2053,1.3091,0.6737,4.303,0.4738,0.02147,1.4162,0.5188,0.477,0.07387
1.1466,0.03836,1.6136,0,0.7662,0.1525,1.4118,0,0.1271,1.2657,3.6886,0.4486,0.5537,1.1215,0.3552,1.8386,0.1423,4.8113,1.2769,0.4033,1.5667,0.729,0.9492,1.0932
0.8069,0.1628,2.2171,0.05675,0.7808,0.8298,2.8096,0.9416,0,2.2647,3.2458,0.4541,1.6298,2.3736,0.4269,1.0423,0,3.9946,0.5113,0.5086,1.4841,1.8094,0.6557,0.505
0.6633,0.4738,1.9145,0.02149,0.4059,0.1904,1.6623,0.4645,0.04782,1.7901,4.3211,0.1974,2.7736,2.203,0.286,0.9955,0.04275,3.9899,0.3716,0.2102,1.0566,0.3419,0.6265,0.4617
1.8968,2,5.2425,2.4817,1.3837,0.4315,1.59,1.8964,2.1175,2.539,5.6788,0.4556,NA,2.9373,1.4143,3.5032,2.7932,6.4774,4.5529,1.0346,1.4441,0.4255,1.7889,2.1284
0.408,NA,5.5988,0.1215,0.1532,0.7351,0,0.6252,0.1337,1.2894,4.9417,0.1223,NA,3.3541,0.1912,4.8727,NA,4.0908,3.4457,1.5993,1.965,0.4785,0.6291,0.08816
1.1574,0.1906,2.7651,0.3043,0.4486,0.834,1.6644,0.4754,0.7012,1.5469,3.2386,0.337,2.3962,2.4108,0.1215,1.5562,0.7256,4.304,0.703,0.2211,1.3821,0.8743,1.2307,0.8457
1.1858,0.7187,2.5327,0.4742,0.2998,1.0549,1.0293,0.8613,0.5854,1.563,3.9686,0.614,2.2281,1.1731,0.3676,2.1085,0.8757,4.1065,1.568,0.5119,0.8543,2.3855,0.007705,1.0015
0.1548,0.1917,3.3698,0.195,0.3518,0.3751,0.2008,0.08662,0.01624,0.3933,3.5222,0.05791,1.8093,1.9735,0.06953,2.1985,0.04588,4.1905,1.6146,0,1.5971,0.8478,0.6033,0.04256
0.4342,NA,4.0766,0.469,0.0391,0.5973,1.2245,0.6165,0.05401,0.9262,4.405,0.524,NA,4.1702,0.6136,2.7549,0.02421,4.9676,2.4416,1.0243,1.3366,1.1578,0.6485,0.09979
0.9193,0.9569,4.5194,0.118,3.1451,0.3865,1.7978,0.5128,0.1361,1.8922,5.0943,0.1748,3.5838,4.5073,0.1053,0.684,1.1408,6.47,0.3377,0.01563,1.4324,1.5386,0.8038,2.0307
1.0544,NA,4.1275,1.4825,0.6781,0.06167,1.9154,0.06157,0.4788,2.2652,4.9539,0.6838,NA,2.0749,3.2487,1.1333,NA,4.5905,0.9389,0.5213,NA,0.7909,1.0249,0.9531
0.3505,0.1972,4.0092,0.5684,0,0.8132,0.4755,0.02807,0.09343,1.8901,3.5863,0.1933,NA,1.4581,0.7078,0.7369,0.6144,5.5767,0.6207,0.3717,1.095,0.2236,1.06,0.3018
0.5609,0.1556,2.3125,0.4396,1.0206,0.2141,0.528,0.2978,0.1334,0.6515,4.1274,0.1305,3.0533,1.3742,1.4321,2.4795,0.7247,4.1579,1.2551,0.1747,0.9508,0.3241,0.1748,0.4111
0.5798,NA,2.2128,0.2647,0.01452,0.4674,0.3102,0.1327,0.1982,0.9322,4.057,0.3558,NA,2.1144,0.2906,4.2295,NA,3.6187,2.9813,2.0796,1.2821,0.4377,0.3173,0
1.3086,NA,3.7623,0.6993,0.311,0.6075,0.348,0.1044,0.2331,0.2942,3.8037,0.6993,NA,4.2576,0.7552,0.04356,NA,6.5046,0.2195,0.4983,NA,0.5215,0.8546,0.3023
2.0752,1.2267,4.9176,0.7677,1.1058,1.0421,2.4276,1.6044,0.618,2.3812,5.0741,0.15,NA,4.3506,1.409,4.3231,1.2859,5.8226,2.1476,0,2.2658,2.8087,0.9989,1.4576
0.2712,0.08413,2.3529,0.08686,0,0.254,0.6568,0.2404,0,0.4348,3.2096,0.3726,NA,0.8864,0.326,0.01472,0.1563,5.3376,0.2843,0.1972,0.3428,0.1734,0.0637,0
0.9594,0.4685,2.8684,0.139,0.521,0.2538,1.2127,0.5526,0.03003,1.1229,3.8094,0.466,2.8093,2.9748,0.6556,3.742,0.09123,5.8173,3.1061,0.8567,1.0124,1.2814,0.5281,0.9731
0.4188,NA,3.8432,0,0.5937,0.2893,0.3552,0.267,0.2318,0.8659,3.4319,0.08508,NA,1.5052,0.6142,0.5862,NA,4.5075,0.08227,0.1422,0.8829,0.4303,0.5562,0.7703
0.5187,NA,3.4967,0.7477,0.05786,0.2706,0.1458,0.04047,0.543,0.4477,4.1128,0.2279,NA,2.709,0.3796,3.0172,NA,5.7164,2.4693,0.07306,NA,0.8693,0.2996,0.2199
1.2383,NA,3.5108,0.7558,0.2706,1.0899,1.4866,0.9098,0.4863,0.7984,3.6257,1.5557,NA,3.8423,1.249,2.7295,NA,5.549,3.1961,0.5758,2.203,1.9109,1.2805,0.7121
1.4834,0.8076,3.0876,0.03001,0.4278,0.5574,0.6652,1.0685,0.2019,0.5995,4.655,0.7135,3.7394,2.9305,0.4557,4.6732,0.9764,6.1199,3.6362,2.2723,2.0066,1.4119,0.6398,0.3618
0.7045,0.6639,2.6612,0.09142,0.6503,0.3671,0.7926,0.5411,0.1511,0.3849,3.5197,0.4002,1.7691,1.7677,0.3004,2.8214,0.2123,3.9711,1.4602,0.09336,0.688,1.5515,0.4505,0.494
1.0867,0.1484,3.7232,0.08034,0.5639,0,0.8178,0.7577,0.1057,1.2291,4.6765,0.5322,3.7963,3.4346,1.2606,1.6836,0.4732,5.115,0.6276,0.1161,1.3677,1.0603,0.6974,0.2076
0.7541,0.3452,3.5096,0.7263,0.7549,0.3282,1.2611,0.6233,0.2789,0.9214,4.9716,0.3749,2.2524,1.9984,2.7017,0.09919,0.6936,5.55,0.0802,0,1.4292,1.2299,0.7954,0.09867
1.3099,0.654,2.0796,0.01668,0.6978,0.2398,0.9185,0.868,0.1198,1.7294,5.0633,0.7755,3.5391,2.6133,0.4954,5.1399,0.2735,4.24,3.391,2.9418,2.1681,1.4747,0.9921,0.49
1.7872,0.5674,3.2302,0.6601,1.2718,0.6556,0.7462,0.7552,0.4818,1.0411,5.3635,0.8658,3.2033,2.9272,0.5463,4.4245,0.6448,6.0134,2.7378,1.8445,2.7873,1.2092,1.6598,0.996
0.3716,0.5991,3.1829,0.5762,0.2396,0.3702,1.452,0,0.4379,1.1171,2.9629,0.8969,NA,1.1787,0.6297,0.8152,0.5271,4.6377,0.3915,0.3382,0.23,0.1524,0.1195,0.2912
0.5312,0,3.1344,0.4683,0.004152,0.08879,0.7487,0.2727,0,0.9848,3.4086,0.1598,1.5352,1.297,0.6135,0.624,0.1815,5.0009,0.2219,0.06015,1.283,0.6572,0.4925,0.1201
1.1852,NA,5.0587,1.0796,0.6577,0.8625,1.9068,0.9563,1.1448,2.8994,4.3045,1.1898,NA,5.2619,1.3794,1.294,NA,5.9528,1.3092,1.4854,NA,1.7799,1.8371,0.8748
1.5452,NA,3.5166,1.0567,0.8691,0.6655,1.8387,1.1086,0.4722,0.6822,4.3288,0.6298,NA,2.7719,0.7099,2.7281,NA,4.3827,1.938,0.06695,NA,2.1776,1.29,1.3204
0.9276,NA,4.7402,1.1856,0.1527,0.09813,0.4591,0.2043,0.4521,0.9367,4.1851,0.5025,NA,2.2173,2.3407,1.5458,NA,5.8639,0.7028,0.5668,1.5482,1.0325,0.3747,0.1511
2.1382,NA,4.2296,0.7026,1.3543,0.7199,1.6009,0.6366,NA,1.4575,4.5453,0.6312,NA,3.081,0.5985,2.7093,NA,5.5901,1.3876,0.7607,NA,1.3801,1.5309,1.3994
0.7124,NA,3.0302,0.08719,0.1101,0.2136,1.6364,0.289,0.2107,1.0238,3.8685,0.2672,NA,3.9955,0.251,0.6516,NA,5.6488,0.1247,0.264,1.0814,1.3531,1.4418,0.2496
0.4895,NA,3.711,0.5998,0,0.332,0.2102,0.07498,0,0.4886,3.8201,0.1068,NA,1.2313,0.5262,0.3018,NA,5.015,0.2266,0.154,NA,0.1636,0.445,0.1358
0.6383,0.4237,3.5106,0.1305,0.7621,0.4385,0.8378,0.5612,0.08763,0.9695,4.0878,0.5832,2.9178,1.9146,0.5374,0.8364,0.1026,5.4331,0.3785,0,1.1235,1.397,0.6619,0.4055
0.6604,0.1392,2.6637,0.08131,0.4058,0.146,0.6256,0.4521,0.02041,0.4015,3.5731,0.3369,0.9262,0.741,0,0.557,0.03136,4.0051,0.2629,0,0.5043,0.698,0.4259,0
0.8059,0.3275,3.0683,0,0.5183,0,0.8084,0.494,0.2201,0.4785,3.8702,0.3679,2.1066,2.2588,0.1425,2.4655,0.4778,4.3007,1.0042,0.01353,1.4062,1.2743,0.6624,0.2714
1.4813,NA,3.2321,0.7811,0.3423,0.8776,0.4347,0.5903,0.8445,0.7398,3.9221,0.2976,NA,3.1862,2.4895,2.757,NA,5.4766,2.4876,1.3751,NA,1.3744,1.2564,0.9611
1.389,NA,3.7408,0.6999,0.6625,0.3302,0.5385,0.8361,NA,0.3995,4.3193,0.9484,NA,5.7676,0.4014,4.6897,NA,6.7594,2.7557,0.7874,NA,1.4183,1.2701,0.8709
1.0875,0.5492,1.1851,0.6622,0.3394,0.07728,0.5857,0.7048,0.1818,1.225,5.3017,0.1372,2.6998,0.9602,0.5897,0.2089,0.08016,2.5108,0.1862,0.3142,0.6757,0.8723,0.2489,0.09786
1.3972,NA,4.496,0.8759,0.04328,0.0771,0.2772,0.3309,0.8172,0.6636,4.8202,0.1615,NA,3.1476,1.1581,4.9922,NA,5.834,4.2582,2.1759,1.4663,1.4321,0.6282,0.3804
0.3367,0.01119,1.8194,0.7086,0.07474,0.0682,0.3899,0.5792,0,0.5071,3.9946,0,NA,4.1192,0.3811,0.3694,0.1592,3.5376,0.1545,0.2376,0.1753,0.8875,0.2193,0.02019
0.5376,0.4998,2.8308,0.0179,0,0.1102,1.6499,0.5306,0.5167,0.4073,4.1169,0.2007,1.8817,1.3881,0.5146,0.8524,0.672,5.5701,0.8278,0.241,NA,0.7847,0.6228,0.07841
1.5524,NA,3.4977,2.2772,1.2909,0.7388,1.8504,1.3171,NA,1.3919,4.7936,0.4498,NA,6.209,4.4022,0.9489,NA,6.5069,0.5129,0.8378,NA,1.9378,1.7331,0.6877
1.7103,NA,3.3987,0.7925,2.2305,1.2078,1.9288,0.9517,NA,NA,3.5976,0.5301,NA,4.7553,0.7138,1.4826,NA,7.3115,0.3205,NA,NA,1.9404,1.6287,2.0088
0.8549,0.7392,2.8197,0,0.1152,0.3542,1.6748,0.2774,0.02586,0.4923,4.8108,0.6987,NA,2.287,0.7562,1.652,0.4081,4.9047,1.0471,0.2945,1.6598,0.614,0.8994,0.1217
0.8829,NA,3.9523,0.6178,0.7076,0.4281,1.0441,0.4085,0.08494,0.756,5.0321,0.2454,NA,2.8467,0.533,1.0105,NA,4.1517,1.114,0.3786,NA,1.3627,0.7009,0.8417
0.4333,NA,4.8857,0.4778,0.1097,0.9028,0.5545,1.1936,0.5642,1.6028,5.1923,0.4216,NA,4.3234,0.5591,0.8896,NA,6.1947,0.1476,0.5751,NA,1.377,1.4968,0.1292
0.4191,NA,3.0955,0.3795,0.486,0.3958,0.5912,0.2186,0,0.6572,3.463,0.2589,NA,3.692,0.7896,0.753,NA,5.4258,0.6396,0.06209,NA,0.2672,0.4487,0.23
0.7389,NA,2.0176,0.4493,0.1516,0.203,0.499,0.7127,0.03601,0.5221,4.6979,0.4258,NA,3.7898,0.1127,0.9878,NA,4.7326,0.4287,0.2889,NA,1.6594,0.4625,0.2575
0.7336,NA,3.8781,0.3567,0.3304,0.5254,1.4315,1.1355,0.6582,0.6619,4.6853,0.4457,NA,4.8723,1.0831,0.8311,NA,5.3744,0.1612,0.581,NA,1.5621,1.299,0.6025
1.4669,NA,4.0282,1.7902,1.4963,0.8088,2.4415,0.429,1.6058,2.5189,4.4379,0.4139,NA,3.6344,1.8206,2.8683,NA,6.4203,2.7173,1.5586,NA,0.8225,1.5784,1.677
1.5025,NA,3.5825,2.5567,0.7194,0.8426,1.186,0.5288,0.118,1.6647,3.9825,0.1737,NA,3.6427,4.983,0.5292,NA,6.9527,0.1191,0.2288,NA,1.5204,1.6828,0.5181
0.7496,NA,4.6215,1.254,0.3413,1.1218,1.9617,0.815,0.689,2.1679,3.2273,1.7395,NA,3.4943,1.6718,0.92,NA,6.0885,0.6057,0.9735,NA,1.7164,1.7113,0.5767
1.5339,NA,3.341,0.9048,0.4053,0.3865,0.6628,0.3333,0.243,0.2302,4.2756,0.5314,NA,1.2569,0.7079,3.7813,NA,5.2985,3.5502,0.6036,NA,1.2875,1.0263,0.7446
0.3942,0.5156,2.8606,0.8825,0.432,0.6081,1.1993,0.1087,0.1327,1.5655,3.7515,0.08576,NA,1.4964,0.8633,1.2996,0.9828,5.6996,1.0097,0.1153,0.6876,0.5406,0.2191,0.8498
0.7015,0.5231,3.7846,0.4139,3.3811,0.2468,0.8074,0.2296,0.7397,0.5179,5.1333,0.8083,NA,0.1767,0.1639,0.5865,1.0329,3.3674,0.1287,0.1735,0.6517,0.3988,0.3351,0.3156
0.6207,NA,2.0636,0.1702,0.8437,0.4761,1.2189,0.4836,0,1.8791,4.5464,0.6473,NA,3.7264,0.4928,1.2671,NA,3.9915,0.6881,0.3817,2.388,0.9626,0.95,1.2474
0.3412,0.7787,2.4837,0.5504,0.3271,0.1988,0.5944,0.6256,0.2333,0.8635,4.8627,0.106,NA,2.8858,0.7831,1.7867,0.7369,5.8733,1.2459,0.01726,0.665,0.6507,0.9622,0.04829
1.0551,0.196,3.4438,0.1211,1.7113,0.272,1.6172,0.3951,0.07285,1.8441,4.1539,0.6011,2.5283,2.157,1.2494,2.4202,0.6056,6.5622,1.7235,0.2984,1.258,1.2242,1.5668,2.0435
0.4842,0.2941,1.6956,0.23,0.027,0.04694,0,0.1049,0,0.1765,3.2337,0.4895,1.6605,1.2816,0.01642,4.6005,0.01621,3.9556,3.251,0.0465,1.63,0.267,0.1669,0
1.6723,0.1278,3.0622,0.9168,0.5246,0.7904,0.6198,0.8545,0.08479,0.4765,5.0999,0.8047,4.389,3.8462,0.4906,2.8355,0.6272,5.7297,2.8096,0.9326,0.8884,1.3712,0.8447,0.245
0.8161,0.1393,6.5863,0.1914,0,0,0,0.261,0.04038,0.4507,2.4495,0.3158,2.0384,2.2885,0.4908,3.2117,0.07469,3.1892,1.8523,1.2483,1.1826,0.6679,0.3908,0.286
0.6478,0.01959,4.3483,0.2903,0.7534,0.07107,0.9077,0.8512,0.5476,0.7822,3.6862,0.1145,3.4648,3.1664,2.2368,2.1915,0.03994,5.8073,1.2338,0.2345,2.1313,0.9404,0.2957,0.4879
0.366,NA,3.0835,0.2601,0.05121,0.1307,0.05565,0.3971,0.04943,0.4975,4.7008,0.38,NA,4.441,1.155,3.051,0.2855,5.3368,1.9236,0.8935,1.8373,0.1766,0.419,0.09704
0.4365,NA,4.4662,0.8114,0.2117,1.068,1.4516,0.6586,0.008315,0.485,3.8386,1.1492,NA,4.218,0.3804,0.689,NA,5.9752,0.06311,0.1487,1.6359,0.6709,1.3881,0
2.1955,0.3872,5.8824,0.131,2.7696,1.0407,1.6492,0.8926,0.9012,2.9371,4.6508,0.5355,4.33,4.0017,0.4682,5.322,1.7552,6.6415,4.7855,0,1.1192,3.1949,1.5286,2.558
2.0767,NA,5.2114,0.86,0.4609,1.1585,2.3748,1.0766,0.7484,1.6859,5.65,0.5689,NA,3.3596,2.0844,5.6249,NA,5.9257,5.5723,0.3921,1.0626,2.3225,0.6549,0.4165
1.9928,0.2939,4.3652,0.2497,1.8469,0.2976,1.1138,0.9122,0.2892,1.5593,5.1316,0.003239,2.8655,4.7006,1.6262,4.8714,1.0767,5.8697,2.9688,0.1555,0.7067,2.2255,0.6138,1.0355
1.5524,0.6162,4.1782,0.4446,0.5944,0.1082,1.2293,0.7988,0.1817,1.3901,4.788,0.5534,NA,2.1884,1.2307,4.5513,0.797,4.5944,3.9755,0.1485,0.9015,1.389,0.1588,0.8585
1.0211,0.7336,4.2034,1.0759,1.889,1.0192,3.5666,0.8884,0.4634,2.5269,4.7139,0.9329,3.1885,2.83,1.7115,2.4741,1.7181,6.3166,1.6026,0.3804,1.4049,2.2436,2.1163,1.6683
0.3316,0,3.8043,0.03856,0,0.1665,1.9092,0,0,2.0069,3.844,0.2804,NA,3.7961,0.2428,2.3201,0.8172,6.3787,1.4573,0.2138,0.6449,0.175,0.6067,0
1.4761,NA,4.141,0.7279,0.9209,0.3706,2.5102,0.5491,0.349,1.4917,4.3976,0.8551,NA,3.6728,0.4361,3.5422,0.4307,5.1654,2.4436,1.6968,1.7389,1.3905,0.653,0.3159
0.5793,0.9927,3.8425,0,0.4949,0.3684,0.699,0.652,0.04379,0.09347,4.546,0.8087,NA,1.0161,0.6508,0.3595,0.9099,2.8461,0.3868,0.05878,1.4923,0.2655,1.1061,0.03477
0.7416,0.1142,2.3346,0.02301,0.1227,0.08275,0.2272,0.3596,0,0.3283,4.0549,0.8032,2.9901,3.0968,0.2085,0.5205,0,5.2187,0.02408,0,1.2001,0.6334,0.3707,0.03604
0.4603,NA,3.875,1.1972,0.3634,0.1315,0.3816,0.1384,0.029,0.7898,5.0863,0.1042,NA,2.2823,0.7722,0.5833,NA,6.6116,0.1858,0,NA,0.5558,0.8975,0.2041
0.4855,NA,3.2458,0.1362,0.7284,0.3702,0.6418,0.1488,0,1.1713,3.5884,0.3296,NA,3.1222,0.3543,1.1893,NA,6.1217,0.2773,0.1449,1.0923,1.0078,0.5869,0.8434
0.5344,0.1564,2.3103,0.1467,0.8272,0.5764,1.1181,0.02451,0,0.9297,3.3944,0.4214,2.4994,2.0795,2.6683,0.519,0.06216,5.0501,0.334,0.3349,1.9759,0.7187,0.7958,0.6147
1.3463,NA,3.803,1.7663,1.3411,1.7918,1.8783,1.0399,1.3888,1.4523,3.7254,0.4414,NA,3.3008,1.1707,3.016,NA,4.9936,2.0653,0.2772,0.9446,1.1629,0.8712,0.965
0.2977,0,3.4533,0.3541,0.0505,0.2049,0.09845,0.1444,0.1277,0.9237,3.7751,0.5503,NA,4.4146,0.2117,0.1658,0.7225,6.476,0,0.04864,0.0784,0.1041,0.096,0.0005163
1.3221,0.6011,1.527,0.2685,0.918,0.7387,1.5767,1.035,0.6435,0.8584,4.3663,0.7917,NA,3.7898,1.4092,1.5472,1.0166,5.6099,1.2459,0.9667,2.3001,1.6053,0.7681,1.6905
1.599,NA,3.6758,0.1048,0.005817,0.5932,0.9435,1.6086,0.2549,1.4081,4.71,0.3025,NA,5.4861,1.0647,0.6163,0.2491,7.0239,1.3769,0.7895,1.9556,1.734,0.7322,0.1029
0.7651,0.873,4.2668,0.3374,3.5677,0.1964,0.2328,0.7979,0.8391,1.1876,5.0888,0.6273,NA,3.8426,0.7937,0.04551,0.9007,6.6977,0.09979,0.6038,1.5268,0.1526,0.7107,0.491
1.3266,0.8895,4.4923,0.2519,0.1412,0.2836,0.8254,0.7973,0,0.3262,5.0094,0.8047,NA,3.1666,0.966,5.7584,1.4388,5.1776,4.1926,2.6493,2.4944,2.0928,0.7751,0.1882
1.0647,0.286,3.2288,0.1891,0.3184,0.8828,0.4409,0.6033,0.0838,0.7126,2.8012,0.1783,NA,0.08307,0.36,0.1998,0.4013,1.8457,0.5965,0.03817,0.9544,1.2603,0.98,0.1776
1.0482,0.4732,2.9418,0.1218,1.4357,0.3662,0.7506,0.8719,0.6911,1.6435,4.264,0.4633,NA,2.0796,0.7728,3.6668,0.5514,5.6597,2.4557,0.7734,1.9399,1.5223,1.3765,1.6179
0.9727,0.07783,2.8123,0.2992,1.0323,0.7236,2.2222,0.5743,0.4514,1.6073,4.6118,1.3616,3.6816,2.0783,0.2826,1.3723,0.268,5.2836,1.5972,0.3427,2.0829,2.0012,0.8821,1.1932
0.4436,0.4834,4.5681,0.03316,1.0601,0.5891,1.9891,0.4561,0.6198,2.4608,3.4336,0.5556,NA,1.4616,0.366,0.0898,0.1289,4.3317,0.3713,0.3035,1.2499,0.8811,0.7558,1.3557
0.4367,0.1586,1.6359,0.08983,0.6214,0.6553,0.8634,0.04633,0,1.9546,NA,0.04823,NA,1.5681,0.4629,1.1635,0.7979,3.6008,1.1445,0.02881,1.0381,0.3799,0.6117,0.4024
0.5156,NA,3.6717,0.8163,0.2334,0.03943,0.2138,0.208,0.3271,1.0744,4.2741,0.0401,NA,2.5993,0.9201,1.9951,NA,4.9409,1.1768,0.2596,0.5655,0.127,0.3008,0.1777
0.2538,0.2575,3.8639,0,0.2025,0.4288,0.4801,0.4021,0,0.4577,4.1861,0.05614,NA,1.2176,0.5308,1.2618,0.4447,6.8292,0.2979,0.3128,1.2571,0.7075,1.1832,0.05836
0.5273,0.3956,1.0525,0.4686,0.6681,0.2088,1.181,0.5166,0.2981,0.8072,4.53,0.4714,2.4196,2.1888,0.4948,0.4673,0.1474,4.959,0.01832,0,0.9371,0.7985,0.1317,1.3084
0.6863,0.2845,2.0055,1.2067,0.1451,0.2442,0.943,0.2485,0.1374,0.9908,4.3852,0.04995,NA,1.3273,0.2302,1.3371,0.4209,4.6237,1.7,0.3584,0.837,1.0013,0.3053,0.9051
0.975,0.8973,2.1617,0.3423,0.7705,1.9892,0.8571,0.8985,1.0586,1.054,6.1876,1.3007,NA,3.7783,0.6424,0.7106,1.5875,5.0317,0.8535,0.1086,1.0966,1.496,0.3257,0.4083
0.5665,0.7939,5.1603,0.2629,1.9562,0.141,1.9008,0.4794,0.3693,1.9234,4.0829,0.05019,NA,3.2542,0.5883,2.2958,0.4639,4.7772,2.4745,0.2541,1.672,0.9511,1.2244,1.5452
1.8406,0.4831,3.367,0.2238,0.3895,0.2678,0.1909,1.0813,0.5019,1.7773,5.2359,0.5737,NA,3.5555,0.1852,0.1828,0.114,5.3401,0.5556,0.1933,1.2862,2.2681,0.5467,0.1233
1.1129,0.2853,2.2556,0.2029,0.2457,0.9866,0.6943,0.8252,0.06644,0.4278,3.1806,0.2087,NA,2.5255,0.5103,0.8916,0.4081,4.6231,0.8398,0.07696,1.4521,1.8553,0.8019,0.4275
0.9409,NA,4.0906,0.7764,1.8794,0,1.5346,0.5558,0,3.4375,4.4571,0.3294,NA,3.8619,0.3061,2.6201,0,7.1184,2.3452,0,1.0867,0.5994,0.5781,2.316
0.2815,0.3623,4.9795,0,0,0.2745,0.02141,0.6468,0.6185,1.1728,3.9164,0.2463,NA,3.7506,0.4167,0.1012,0.2707,5.6311,0.4372,0.02023,1.1019,0.6457,0.3533,0
1.2973,0.6314,2.6201,0.8502,0.1266,0.7121,1.3076,0.7189,0.07391,0.9662,3.5354,0.3072,3.0324,3.209,1.2443,2.2362,0.2713,4.1891,1.669,0.5061,1.3744,0.818,0.1423,0.08464
1.1488,0.1523,4.2291,0,0.3039,0.679,0.3243,0.7983,0,0.8889,3.9704,0.3336,NA,1.7974,0.269,2.7425,0.4562,5.8456,0.7937,0.4574,1.9411,1.6733,1.1431,0.2512
1.3274,0.5817,3.4082,1.8311,0.756,0.1651,1.1414,1.1702,0.5029,1.2443,4.6095,0.497,4.69,4.6049,2.3182,2.0909,0.9603,6.5265,1.3028,1.5137,2.8929,2.0993,1.2355,0.6055
0.7471,0.3601,3.3439,0.2668,2.9047,0.0506,0.4847,0,0.04103,0.6819,5.2138,0.7789,4.3951,4.2169,0.2658,0.04932,0,5.046,0,0.19,1.4072,0.0109,0.396,0.6481
0.8653,1.2124,5.2263,0.5331,1.2279,0.211,0.4442,1.1576,0.8722,2.4009,4.804,1.1606,NA,3.5655,0.4422,1.0717,0.7249,7.5435,0.4836,0.6333,2.3484,3.0305,2.867,0.4495
0.8738,1.2436,6.109,0.4056,4.381,0.7817,2.0389,0.5961,0.6826,1.4258,4.5723,0.4951,NA,3.5494,0.6739,2.0757,0.7402,5.695,1.7723,0.6974,1.8996,1.8145,1.0356,0.9619
1.5148,0.6846,4.6678,0.2498,0.7341,1.0122,1.3457,1.0034,1.163,2.1597,5.1185,0.5541,2.6425,2.6347,0.3309,1.683,0.3956,5.1548,1.2003,0.6723,1.249,1.324,0.8411,0.4888
0.4519,0.5618,4.1075,0.5117,0.05188,1.2492,0.6725,1.5929,0.06108,1.1921,4.3444,0.1642,NA,2.6745,0.2157,0.01881,0.7428,5.2411,0.2843,0.6343,1.4272,1.8596,1.4453,0.2662
0.7722,0.1709,3.6966,0.4776,0.416,0.8099,1.5531,0.9083,0.424,1.8852,4.441,0.5063,4.5191,3.6724,0.6445,2.6029,0.5323,5.7734,1.535,0.9257,2.9719,1.8013,1.8003,0.8934
2.2898,0.6602,4.5407,0.6015,0.4741,1.2915,0.983,1.1658,0.9484,1.2123,5.5697,1.2294,4.6555,4.0509,0.7225,2.1278,1.3601,6.559,1.9268,0.5567,2.3576,2.1525,1.5069,0.3828
0.4023,0.1617,2.8103,0.3944,0.3181,0.09049,0.4595,0.03085,0,0.5531,3.2022,0.2041,2.4213,0.8191,0.037,0.2342,0.312,2.7161,0,0.01235,0.2124,0,0.2215,0.1893
0.5085,0.3957,4.7362,0.2974,0.3383,0.5333,0.3956,0.9729,0,0.4953,5.165,0.1405,3.2961,3.6049,0.501,5.29,0.6016,5.3406,4.2032,0.1104,1.3903,1.467,0.6555,0.01577
1.8071,1.0258,2.9737,0,0.5612,0.2842,1.2774,0.8489,0.4832,0.6431,4.3266,0.4878,3.7048,3.5564,0.3765,0.104,0.1887,6.0694,0.2236,0.2537,1.8359,1.6125,1.49,0.2072
1.2564,NA,4.7346,1.1941,1.1401,0.1992,1.3741,0.4683,0.2541,2.7298,5.3576,0.2901,NA,2.3581,1.1435,2.6857,NA,5.2099,1.6772,0.2032,1.5306,0.4782,0.7652,2.1038
0.7086,NA,2.6091,0.4523,0.3471,0.1969,1.8946,0.2731,0.4006,1.5061,2.8148,0.3345,NA,2.5762,1.2891,0.56,NA,5.4493,0.6753,0.3832,NA,0.4094,0.7068,0.5515
1.0587,0.8952,3.0622,0.5715,0.6323,0.8192,1.3929,0.6441,0.5282,1.2521,3.5077,0,2.7288,2.0667,0.9819,0.3764,0.7225,4.0307,0.6637,0.8197,0.67,1.8601,0.4795,0.08303
1.0772,0.6286,4.2666,0.1003,1.265,0.4344,1.9496,0.3303,0.7058,1.2997,4.0263,0.6806,3.8206,4.0447,0.4993,0.9762,0.0816,6.6468,0.8854,0.4148,1.3055,1.8908,0.8313,0.9259
1.268,0.3225,2.789,0.6865,0.216,0.3687,0.6949,0.4066,0.2855,1.3425,3.6298,0.3099,2.4491,2.0429,1.0396,0.5834,0.5809,5.2136,0.9356,0.5032,1.378,1.4364,0.7234,0.0282
0.8652,0.6587,4.248,0.01816,1.037,0.2568,1.1904,0.2385,0,1.5278,3.219,0.4213,1.2647,1.2417,0.672,1.9066,0,5.3639,0.6335,0.2625,1.0794,1.0372,0.3085,1.2624
1.0362,0.5739,1.1265,0.6265,0.8124,0.3516,0.3366,0.5516,0.08142,0.8879,3.8931,0.8639,2.821,2.475,0.5557,0.9959,0.2366,1.3967,0.1423,0.3496,2.2068,0.4315,0.5726,0.3108
1.5696,0.4418,2.8877,0.1986,0.4151,1.0087,1.8074,1.2299,0.04193,0.6648,3.936,1.0207,NA,3.4086,0.2806,1.2644,0.7472,4.3199,0.9725,0.2665,2.517,1.5411,1.0308,0.9973
0.1471,0.1786,1.8256,0.2933,0.4862,0.1515,0.2212,0.2978,0,0.8445,3.2919,0.06314,NA,3.6914,0.591,0.04767,0.227,5.2538,0.003172,0.1945,0.4712,0.1913,0.4745,0.2757
2.0128,NA,2.6195,0.7685,0.3646,0.4112,1.3394,0.4837,1.0696,1.5356,4.3873,0.5742,NA,1.3133,0.6466,1.9218,NA,3.4138,1.8228,0.2167,1.5365,2.8196,0.7739,0.4157
1.1907,NA,2.5368,0.09334,0.08355,0.3259,0.3985,1.1172,0.4597,0.9418,5.2683,0.3163,NA,3.1954,0.5947,3.5526,0.8092,5.2472,3.1582,0.07928,NA,1.356,0.2845,0.03266
0.5915,NA,2.5308,0.5687,0.2801,0.8702,0.6213,0.9383,1.342,0.7031,4.3922,0.7151,NA,3.618,1.5732,2.4054,NA,6.988,1.4041,0.7115,1.397,1.9352,1.0815,0.01824
0.1276,0.08987,2.0606,0.8206,0.2067,0.1352,0.04521,0.4193,0.5282,0.2162,3.1265,0.06403,NA,0.8919,0.7057,0.3718,0.5886,4.9445,0.3714,0.1018,0.6721,0.2347,0.3549,0
1.0303,0.3182,2.5251,0.7433,0.2499,0.1726,1.5087,0.3304,0.06135,1.1811,4.0163,0.2679,NA,3.1845,1.0942,0.9204,0.7713,5.6514,0,0.1546,1.5524,0.408,0.7231,0.3605
0.2086,0.1172,1.2846,0.4499,0,0.4677,0.3754,0.05411,2.2908,0.8999,3.683,0.2117,NA,1.8545,0.2256,0.5391,0.3664,5.8226,0.4582,0.1792,0.5931,0.4494,0.3913,0.1981
1.0149,NA,3.05,1.5203,0.8222,0.9645,1.0306,0.8758,0.4401,0.6723,3.7306,0.7339,NA,1.0026,0.8547,0.8845,NA,4.7368,0.4998,1.2764,NA,0.8824,0.3967,0.8118
0.472,0.05258,4.4626,0.3471,0.5864,0.9368,0.7877,1.4918,2.0354,0.7499,6.1087,1.8156,NA,4.0798,0.9452,0.9237,0.3291,6.6008,1.5451,0,1.7105,2.4755,0.2781,0.6185
0.7745,0.4704,4.5197,0.3775,0.2492,0.5714,0.3153,0.9347,0.1173,1.8715,5.7256,0,NA,3.4198,0.2184,0,1.0644,6.9625,0.3342,0.06624,0.8468,0.8332,0.2399,0.007088
0.2846,0.6152,2.0988,0.04249,0.143,0.3451,0.05758,0,0.5253,0.4424,5.2913,0.2965,NA,3.6682,0.1574,0.2912,0.6972,6.1963,0.1883,0,0.5594,0,0.2027,0.7337
1.3449,0.7346,2.2767,0,1.4312,0.4036,2.0615,0.7279,0.00776,1.9499,4.6721,0.2239,NA,1.3702,0.5307,2.6013,0.7911,3.4819,1.6091,0.4087,1.1062,1.4705,0.527,1.128
1.9883,0.6998,2.7715,0.1814,0.3363,0.21,1.0395,1.0904,0.9015,1.3934,5.2424,0.5736,5.3432,5.0616,0.3386,0,0.5761,6.7784,0.7745,1.0572,2.7301,2.3471,1.6445,0.8541
0.7268,NA,3.4843,0.8834,1.2981,0.8451,1.5541,0.5536,0.3731,1.2382,3.9718,0.3544,NA,2.8842,2.374,2.8579,NA,5.4667,1.9699,0.8857,NA,1.6433,1.1114,0.7307
0.9139,0.2995,2.7409,0.134,1.4545,1.3545,0.9871,1.1761,0.3069,0.7915,3.208,0.08526,NA,0.9215,0.2866,3.2706,1.143,4.4405,2.526,0.5632,2.1873,2.1361,0.8879,1.1241
1.4655,NA,3.9646,1.0051,0.8682,0.8932,0.6638,0.7115,0.4492,0.6495,3.7899,1.0406,NA,2.5168,2.3149,0.9657,NA,5,0.9279,0.6943,1.972,0.914,1.0832,0.6863
0.8731,0.2585,2.5866,0.1203,0.7347,0,1.5751,0.03693,0.7817,1.4384,3.7871,0.5294,1.7593,2.833,0.2743,1.1822,0,5.4401,1.3455,0.1457,2.0805,0.8138,1.4313,0.7614
0.7879,0.8356,2.1792,0.04114,0.8684,0.4031,1.2041,0.4585,0,1.6699,4.2403,0.2187,NA,1.9017,0.7082,1.2638,0.2167,4.0593,0.06857,0,0.5924,1.487,0.3855,0.9732
0.4969,0.4446,2.8494,0.0805,0.2517,0.129,0.4559,0.2376,0.02568,0.07919,3.9183,0.6857,1.4957,1.5113,0.8402,0.2473,0,5.5243,0.04748,0.1525,1.0873,0.6445,0.3967,0.1529
2.0005,0.8691,3.7881,0.3177,0.9961,1.0225,0.1371,1.5335,0.816,1.2516,6.6543,0.8896,4.3181,4.5726,0.3087,1.5045,2.0179,7.1779,0.708,0.02725,0.6449,2.8381,1.8328,1.1015
0.8602,0.764,2.6941,1.2709,0.06963,0.4614,0.4784,1.7782,1.3271,1.5751,5.8283,1.6474,4.3871,5.1368,1.1233,5.0744,1.6632,6.1507,5.0531,0.6209,3.1142,1.7366,2.1507,0.6706
0.8646,0.2903,4.1338,0.9126,0,0.4705,0,0.3137,0.4312,0.544,4.7173,0.4594,2.9539,3.3792,1.8433,1.7332,1.0592,6.8034,1.1826,0.01322,1.4383,0.8137,0.8267,0.161
1.2942,0.5671,2.0891,0.5666,0.484,0.6712,1.0272,0.3542,0.8903,1.7264,3.703,0.1781,2.6355,3.0377,0.5032,1.4195,1.0933,4.5833,1.062,0.3015,1.6155,1.3852,1.0118,0.5309
2.2083,1.1281,4.6858,1.1746,1.0477,0.9006,1.095,1.823,1.117,1.1913,5.3488,0.7751,5.1446,4.8915,0.9537,3.7935,2.1291,6.2491,2.9897,0.7281,1.9702,2.6934,1.4316,0.8298
1.5767,0.5356,5.2031,0.1787,0.9483,0.5896,0.5512,1.2301,0.5105,1.521,4.3637,1.1541,4.895,4.6107,0.7001,2.6236,1.362,6.1904,2.0438,0.6577,2.4714,1.7623,1.7953,0.8666
2.91,1.4553,3.5192,0.7987,1.361,0.3091,0.5543,1.6563,2.1505,0.6458,5.8871,1.2637,4.8773,5.0621,0.4994,0.3285,1.8031,6.6117,0.7945,1.258,1.1614,3.5637,1.2422,0.2969
1.2515,0.4273,3.2581,0.9258,0.6075,0.04665,0.2625,0,0.148,0.573,4.287,0.1997,1.4986,2.3142,0.4106,0.899,0.302,3.5975,0.00429,0.05401,1.438,0.41,0.8439,0.3761
0.4973,0.4622,3.0933,0.008632,0.09769,0.8851,1.2097,0.4304,0,0.4319,3.5037,0.8425,1.5558,2.197,0.3274,1.7013,0.341,4.864,0.1945,0.5426,1.4921,1.3057,0.4566,0.2328
1.2927,5.944,4.4584,1.8126,1.6375,1.5495,4.2576,2.9461,1.5834,3.1671,5.185,2.1583,4.4747,4.8071,1.8245,3.9475,0.8892,6.8572,3.0029,1.7843,2.5185,2.6798,2.1103,1.5548
3.717,1.8774,3.4416,1.1948,1.1746,0.7887,0.4197,1.9573,1.7798,0.8516,5.8292,0.9919,4.2888,4.8473,0.3238,3.0813,1.9908,6.2541,2.674,0.2295,1.0632,4.532,0.5264,1.043
0.1172,0.2326,3.1995,0.2599,0.5269,0.3311,0.7791,0.03532,0.1213,1.682,3.2598,1.0356,3.5079,3.8791,0.2136,0.2316,0,4.6615,0.0567,0.2626,0.6273,0.1918,0.5043,0.6125
0.3949,0.01426,4.2994,0.8383,0.4407,0.2796,0.01229,0.113,0,0.6459,4.6034,0,2.1382,2.1438,0.7617,2.3614,0.1997,5.1202,1.2196,0,1.3711,0.3795,0.6439,0.1784
0.3628,0.3396,3.6046,0.2262,0.7029,0.3646,0.08281,0.544,0.324,1.2156,3.9488,0.4565,2.0752,2.3615,0.4118,2.3323,0.2356,4.1198,1.4631,0.2696,1.6195,0.7162,0.5208,0.4576
0.4127,0.2728,3.853,0.2795,0.5346,0.5073,1.1537,0.7377,0.2999,1.3023,3.7029,0.1169,2.2827,2.841,0.7127,2.4758,0.7226,6.0363,1.2031,0.615,2.2201,1.3825,0.6178,0.3822
0.7872,0.3645,2.2799,0.2805,0.1414,0.4619,0.5733,0.1365,0.0872,0.6026,4.6644,0.3034,NA,2.99,0.5083,0.592,0.07361,5.1205,0.6032,0.09693,0.9991,0.6456,0.6331,0.4473
0.1955,0.5323,4.6862,0.5421,0.4616,0.1335,0.1751,0.7284,0.06052,0.5306,4.4044,0.852,3.2408,2.7943,0.8957,0.1312,0.07914,5.8464,0.07603,0.215,2.5085,0.4049,0.8078,0
2.0875,NA,3.5,1.5377,1.4973,0.6988,1.8817,1.1889,NA,2.5282,4.1571,0.6577,NA,1.9431,1.1054,2.2204,NA,4.9761,1.2348,0.5977,NA,2.8724,1.5021,1.7747
2.7443,1.0504,3.3319,0.5025,0.5023,1.3029,1.0388,1.827,0.2392,1.1326,5.1937,1.011,NA,2.8988,0.9145,1.1063,1.0097,4.8643,0.5364,0.8964,1.9759,3.3946,1.2916,0.5904
0.8125,0.5581,4.5797,0.2587,2.0762,0.2675,1.6338,0.493,0.09828,1.3526,3.7483,0.4548,NA,1.2184,0.5034,1.6269,1.2174,5.6339,0.9032,0.02614,1.2052,0.5027,0.2642,0.8402
0.4276,0.4371,3.1786,0.3651,0.146,0.07149,0.1606,0.1829,0.5617,0.3685,5.0138,0.1544,3.1566,1.0891,0.7152,0.238,0.2178,4.3906,0.06316,0.07136,0.8191,0.1146,0.494,0.003827
0.8225,1.4706,2.4531,1.6126,1.1782,0.9376,0.7863,0.7721,0.7208,3.339,5.0758,1.2738,3.6618,3.0713,0.7948,1.1049,1.186,4.1261,0.3154,0.9701,1.5241,1.1543,0.8098,0.7348
3.2272,2.0814,5.4708,1.3851,1.0317,1.1197,0.3816,1.1346,0.9272,2.0596,5.3877,2.1886,3.367,2.9832,0.9629,1.1908,1.8915,7.4167,1.1922,0.5022,2.4387,3.1159,2.8555,0.2748
1.0599,0.3059,4.4144,0.6425,0.212,0,0.4543,1.9426,0.7225,0.7623,3.9219,0.691,3.2093,2.3036,0.1999,1.7523,0.5408,6.5694,1.0904,0.1093,1.5502,1.1314,0.9038,0.21
1.5188,0.5221,2.8221,0.3528,1.1427,0.4792,0.4174,0.3858,0.06147,1.2628,3.8736,0.4823,NA,1.9144,0.3899,1.0631,0.5574,4.0212,0.3826,0,1.2418,1.1325,0.6301,1.0481
0.5949,0.1649,2.0498,0,0,0.01026,0.6355,0.2841,0.2596,0.7451,3.29,0.09018,NA,1.1671,0.3845,0.9822,0,3.7749,0.1949,0.1145,1.4015,1.1179,0.4967,0.258
0.6478,0.2995,3.6685,0.4237,0.233,0.9093,1.0054,0.7684,0.876,1.3015,5.6306,0.6616,5.0752,5.4387,0.4415,0.4468,0.6872,7.3811,0.4438,0.828,2.7114,1.5231,1.8613,0.8743
2.4276,0.8637,0.4375,0.8209,1.3765,0.1633,1.4463,1.7715,0.1883,1.8442,5.963,0.9115,2.9569,0.233,1.3674,0,0.09552,1.0722,0.03365,0.01988,0.4277,1.284,0.9487,0.194
1.0097,0.7505,3.6359,0.05354,0.3305,0.176,0.801,1.0484,0.7627,1.5656,4.4176,0.4772,1.955,2.186,0.151,0,1.3939,6.2021,0.08234,0.2173,1.6065,2.0106,1.5571,0.2264
1.9451,0.8515,3.2861,0.1069,1.8359,1.0448,1.1566,0.5817,0.1339,1.5094,4.4987,0.6557,NA,3.9514,0.9741,1.5501,0.6779,5.9003,1.1293,0.1109,1.674,1.7285,1.0585,1.5519
1.0295,0.8153,4.9358,1.2881,2.9416,0.7802,2.712,1.7116,0.2719,2.6187,5.8552,0.3093,NA,3.955,0.09055,4.7079,1.2862,6.0989,3.634,0,0.6769,0.3712,0.7171,2.6443
1.0301,0.2208,3.6072,0,0.3697,0.2093,0.1051,0.5299,0,0.02721,3.0692,0.2971,1.7798,2.0497,0.09633,3.8973,0.3245,5.3291,2.9909,0.07445,0.4812,1.1591,0.475,0.3479
0.6584,0.207,2.1995,0,0.02975,0.01784,0.6927,0.6175,0.01432,0.2382,3.6763,0.06255,2.2248,1.728,0.07697,0.586,0.1407,4.0347,0.103,0.06697,0.7917,1.0183,0.3645,0.08698
1.8889,1.5839,3.5771,1.5408,1.158,0.3706,0.7628,0.9584,1.3131,0.834,5.5777,1.6069,3.531,3.6748,0.3667,2.3543,0.9088,6.5537,2.0524,0.1556,1.0642,2.7704,0.6123,0.2421
0.8491,0.308,1.4558,0.1112,0.5385,0.2616,0.3515,0.3931,0.6287,0.7705,5.0687,0.1786,4.3177,4.8522,1.0089,0.3607,0.1648,4.6718,0.333,0.1221,1.1519,0.1368,0.4787,0.1312
0.6726,0.12,2.5398,0.5316,0.005816,0.1132,0.3172,0.05595,0.1234,1.4536,4.2803,0.2461,NA,3.0622,0.9634,0.2984,0.5391,5.7467,0.1024,0,0.01284,0.04795,0.3664,0
1.68,1.4199,3.4997,1.2301,0.7425,1.0177,1.2907,1.9154,0.7216,1.5493,6.2215,0.7262,NA,4.0129,2.1283,5.1608,0.6579,6.5788,4.2205,0.109,1.7692,1.8444,1.1536,0.7256
0.065,0.1194,3.2913,0.1439,0,0.2972,0.706,0.1958,0,0.9404,3.3849,0.2574,2.6212,2.4369,0.5511,0.9588,0.3181,5.4626,0.5331,0.2678,0.4746,0.2892,0.3319,0
0.5479,0.4549,3.4429,1.1388,0.7597,0.7641,0.1945,0.7702,0.2133,1.05,4.5348,0.06738,3.5016,2.6696,0.5549,1.1514,0.7598,6.143,0.3858,0.1291,1.3312,0.6085,0.369,0.2068
0.329,0.2469,4.0161,0.2618,0.1602,0.7626,0,0.3367,0.1654,1.3958,4.0976,0,1.1385,1.22,0.1933,4.4939,1.0254,3.8473,2.5274,2.1201,1.518,0.3535,0.7289,0.05907
0.6452,0,3.0332,0.2403,0.2531,0.3264,0,0.3619,0.7164,0.2687,5.3657,0.4186,4.533,4.1958,1.0691,0.351,0.5989,4.6431,1.0545,0.136,0.4474,0.3275,0.3037,0.67
0.425,0,1.9739,0,0,0.05201,0.02867,0.6631,0,0.3741,4.6377,0.007735,3.5768,3.7927,0.1439,0,0,6.8648,0.01673,0.04168,0.2494,0.5449,0.8521,0
1.5025,0.6001,5.7504,0.5538,0.1875,0.9422,0.4195,1.3255,0.8434,1.0471,4.8613,1.204,NA,4.4189,0.6715,5.6956,0.9274,7.0778,4.57,3.1984,2.1484,2.9966,0.9085,0.6326
0.8843,0.278,1.5499,0.05912,0.1797,0.4246,0.6314,0.2711,0,1.1332,3.3569,0.5036,1.6665,1.3044,0.4588,0.7212,0,1.808,0.2108,0.3743,0.8266,0.3874,0.2176,0.3379
1.0399,0.2426,3.0959,0.2016,1.1902,0.4339,1.327,0.5851,0.1084,1.7242,4.0381,0.1132,NA,1.549,0.2459,1.8972,0.7641,3.249,1.3218,0.161,1.0461,1.4364,0.3888,1.7382
1.549,1.2189,1.6599,0.495,1.0099,0.7082,1.733,0.7615,0.4816,1.9067,3.1822,0.2538,NA,2.2804,2.5589,0.6151,0,5.2994,0.6264,0.2998,1.1065,1.3722,1.098,0.9895
0.5514,NA,2.76,0.3495,1.3231,0.353,1.4272,0.3047,0.7975,1.8158,3.3199,0.09899,NA,2.1403,0.3005,1.4853,NA,5.5189,1.2877,0.3734,NA,0.5987,0.5079,1.4667
0.5976,0.5632,1.7971,0.7342,0.6419,0.9586,1.5831,0.7625,0.1714,1.6344,4.3321,0.6244,1.9354,1.4401,0.7563,1.1681,0.7329,2.7287,0.406,0.3276,1.1131,0.3371,0.898,0.7291
0.6128,1.1133,3.0948,0.1965,0.3417,0.0221,0.3408,0.7383,0.374,0.9044,3.8108,0.911,NA,1.1193,0.7315,1.2316,1.2294,2.9045,0.4916,1.198,2.7976,1.7504,2.1269,0.4755
1.2309,0.7352,4.0027,0.161,0.3739,0.8821,0.9273,0.8152,0.343,1.0302,3.9247,0.4278,NA,1.7406,0.2781,1.6776,0.6559,5.688,1.1769,0.1665,1.5223,1.6332,0.9104,0.4374
0.7637,0.4948,2.6454,1.3855,0.3472,0.5038,0.07896,1.3834,1.0578,0.4324,6.1262,1.1751,3.9479,3.9765,0.6745,4.5666,0.4643,5.4592,3.4009,0.3729,3.1639,1.5481,1.3363,0.8033
0.9526,0.5877,2.7719,0,0.3474,0.08125,0.5959,0.4382,0.05543,0.5404,4.1631,0.5917,3.7926,4.3635,0.2755,1.0433,0.4761,4.6195,0.2737,0.2292,1.8753,1.3627,1.4397,0.07066
0.497,0.3269,3.6265,0.6993,0.5455,0.4692,1.0556,0.2154,0.8261,1.8526,3.9169,0.4755,2.0173,2.5829,0.4892,1.1151,0.1502,5.7321,1.1646,0.2797,2.4101,0.5714,0.8186,0.7714
0.7401,0.2333,4.2099,0.02274,0.3236,0.6211,1.2078,0.4855,0,1.1288,4.0713,0.2544,3.4861,2.792,0.3427,2.6134,0.2368,5.4653,1.7413,0.2093,0.4156,1.3872,0.2396,0.3004
1.0457,0.7679,3.9558,0.06233,0.8197,1.2615,1.3081,1.0859,0.02302,0.6381,3.6605,0.06581,NA,4.2077,0.1944,2.9671,0.3129,4.7138,1.5884,0.6876,1.7576,1.7119,0.8337,0.5871
0.6413,0,1.2479,0.01955,0.02839,0,0.002277,0.03364,0,0.2589,4.2588,0.02052,NA,4.0031,0.02943,0.283,0.3478,2.3948,0.05558,0,0.09724,0,0.09438,0.01286
1.5338,0.08913,1.4162,0.3157,0.717,0.2647,2.1467,0.3046,0.03254,2.0009,4.1861,0.1891,NA,3.4388,0.1773,1.5846,0.01805,4.5754,1.7254,0.5411,0.4918,0.9959,0.7177,0.4351
0.6785,NA,4.0847,0.2556,0.2133,0.4817,0.1531,0.8244,0.1955,0.6356,4.6286,0.1179,NA,3.3672,0.9264,2.4808,0.03595,6.7248,1.8734,0.07934,1.7451,0.5672,0.5673,0.02918
0.7475,0.8483,3.0497,0.3437,0.3981,0.4068,0.7401,0.423,0.2508,0.8015,3.572,1.0198,NA,4.0293,0.1451,4.1166,0.6578,5.5116,3.0122,0.7931,1.5063,1.1913,0.9215,0.4709
0.7664,0.5619,1.9673,0.04829,0,0.3907,0.7234,0.4279,0.107,1.206,3.6326,0.2473,2.342,2.0789,0.2282,0.02419,0.2948,2.8757,0.07562,0.5288,0.848,1.4239,0.9151,0.05132
0.4646,0.6032,2.2438,0.4189,0.8009,0.5763,0.6582,0.7718,0.6169,1.2854,4.3973,0.5017,NA,1.0246,0.5216,0.8872,0.1523,5.0352,0.5237,0.6078,0.981,2.1719,0.05448,0.4553
1.8219,0.05606,5.2972,0.5645,0.6303,0.2892,1.1726,1.3442,0.09673,1.0918,4.6373,0.6177,3.7968,2.9384,1.3409,0.1421,0.343,6.0169,0.4363,0.03845,1.632,2.2016,1.3166,1.1779
1.5387,NA,5.2974,0.7496,0.5676,0.4562,0.7807,0.5101,0.555,1.4222,5.2321,0.7144,NA,2.6169,1.3568,2.4419,0.4059,2.9957,1.5726,0.4982,1.1223,1.0644,0.2617,0.4533
1.4152,0.09498,2.2298,0,0.2645,0.6109,0.1153,0.3502,0.0563,0.5891,3.7592,0.3728,2.3517,2.9514,0.07069,3.2477,0.1182,3.6134,2.2851,0.08871,1.3007,0.995,0.9111,0.2869
0.845,0.8844,3.5069,1.221,0.5103,1.6156,1.7904,3.4785,0.7244,0.7248,4.7462,0.2575,NA,3.0074,0.7589,2.6193,0.6801,5.1829,1.5266,0.2152,2.2018,0.8022,0.7003,0.3248
0.6611,0.5616,2.0852,0.2776,0.2569,0.7555,1.6143,1.0025,0.4653,0.6129,3.1432,0.8671,2.0158,2.2844,0.2796,1.4601,0.77,3.9177,0.3088,0.3302,1.6582,2.1115,1.4499,0.2265
0.8231,0.1011,2.7511,0.3268,0.2618,0.542,1.326,0.5398,0,0.8732,3.2683,0.6656,NA,2.2119,1.2177,1.8779,0.4366,3.9497,1.3236,0.05934,0.8695,1.3696,0.272,0.4618
0.2402,0.6752,3.7984,0.9897,1.59,0.1366,1.6659,0.5081,0.7341,2.1857,5.4317,0.7036,2.922,3.6883,0.5978,3.6687,0.6006,6.3134,3.233,0,2.8886,1.695,1.06,2.2608
0.5041,0.5277,3.6676,0.3346,0.3716,1.0383,0.7174,0.8487,0.08544,1.103,4.4962,0.7464,NA,3.1705,0.8363,2.492,0.7796,5.3017,1.2301,0.8892,2.1076,1.6265,1.7164,0.3184
0.4082,0.3417,1.9767,0.4254,0.3515,0.5263,0.0146,0.02249,0.3786,0.8993,4.1707,0.03069,NA,3.4747,0.0443,0.5314,0.2033,6.0218,0.2204,0.121,0.5103,0.1373,0.3131,0.218
0.8588,0.6136,2.5547,0.1771,0.2321,0.4434,0.5452,0.2455,0.01857,1.0916,4.1072,0.05822,NA,4.3655,0.5272,0.4635,0.4662,5.2309,0.02767,0.3396,0.2498,0.6526,0.1683,0.3717
1.6698,NA,4.2024,1.4814,0.9747,0.8485,0.6958,0.7837,NA,1.6495,4.4785,1.0576,NA,3.2097,0.9234,2.2898,NA,6.0801,1.5053,0.8328,NA,2.3994,1.8163,0.6282
0.9948,0.5269,3.535,0,1.089,0,0.8491,0.1933,0.1657,0.8562,3.6088,0.7932,3.3621,3.4983,0.2789,0.9413,0,7.0226,0.5872,0.5155,1.6212,1.1746,0.6844,1.92
1.463,0.7619,3.9417,0.4783,1.6056,1.1259,1.3679,0.8412,0.08039,0.5696,4.0278,0.3309,NA,1.2867,0.3017,2.844,1.0384,4.4458,2.263,0.547,1.2461,1.1256,0.6435,1.4163
0.8597,0.2314,2.669,0.2531,0.6165,0.5197,0.5989,0.7751,0.1886,0.2941,4.0816,0.2962,NA,2.3495,0.5105,0.4047,0.3582,4.2575,0.5348,0.03442,0.919,0.7857,0.845,0.2825
0.8511,0.182,3.1627,0.1795,2.3603,0.1267,1.7853,0.6365,0.02118,0.1716,3.7079,0.07455,NA,1.9513,0.4308,0.8343,0.4732,2.2575,0.7065,0.3373,0.8396,0.2732,0.3676,1.1964
0.6322,0,2.0162,0,0,0.1363,0.2167,0.1941,0,0.2921,2.8671,0.5957,NA,2.248,0.04654,1.589,0.2601,3.207,0.3049,0,1.3318,0.7534,0.8242,0
1.0145,0.456,4.712,0.2059,2.1425,0.4504,1.2167,0.806,0.3766,2.9569,3.9983,0.6144,3.2599,2.0451,1.3635,3.8767,0.1308,4.4421,3.1254,0.2637,1.8098,1.7936,0.5551,2.2235
1.0009,1.0773,1.8467,0.4109,0.6966,0.7859,1.0161,0.711,0.08369,1.7474,4.4893,1.155,2.7861,3.464,0.1007,0.2834,0.5512,3.3207,0.4444,0.04503,1.468,1.6908,1.2961,0.2581
1.2742,0.3761,3.9338,1.6816,0.6902,0.1442,0.64,4.497,0.1243,0.8671,4.4037,0.3943,3.5052,3.8903,0.892,4.3938,1.1729,5.7392,2.6304,0.07623,1.6179,1.6407,0.3913,0.2728
0.394,0.1259,3.4983,0.04508,0.4652,0.3219,0.4455,0.164,0,1.3101,3.9949,0.1094,3.2084,3.3175,0.3257,0.4013,0.2306,6.3818,0.4868,0.1927,1.2236,0.01591,0.5697,0.3731
0.2207,0.001392,3.9897,0.4376,0,0.2465,0.1732,0.2561,0.02243,1.6372,5.0778,0.1109,1.5988,1.5226,0.3202,3.7454,0.3558,5.0763,2.825,0.5499,0.6888,0.2688,0.2364,0
1.1076,0.1888,3.9905,0,1.3463,0.03799,1.5032,0.1449,0,1.4652,3.7953,0,2.5264,1.8001,0.08901,3.5462,0,4.7617,2.4814,0.02021,1.2485,0.573,0.3026,1.9746
0.924,0.5094,1.4674,0.3123,0.5727,0.4176,0.5592,0.3487,0.4164,0.3955,4.3607,0.427,NA,1.9885,0.9794,0.004786,0.5315,3.3375,0.6917,0.04939,1.4747,0.3381,0.4691,0.1791
0.181,0.0999,4.9033,0.3635,0.54,0.2688,0.03668,0.2702,0,1.3912,3.879,0,1.4788,0.8203,1.1762,2.1718,0.2516,4.1385,1.1293,0.1352,1.5229,0.07138,0.4728,0.3811
0.6843,0.8893,4.0595,0.1747,1.2112,1.0226,0.8137,0.9598,0,0.6968,4.822,0.4683,2.4007,1.2708,0.4128,1.2975,0.8374,5.357,0.8398,0.2036,2.0258,0.5653,0.9898,0.3737
1.4571,0.612,3.4569,0.6195,0.3546,0.6613,0.4832,1.1931,0.03723,0.679,3.9486,0.006447,NA,2.1324,0.296,1.0669,0.6846,4.676,0.3972,0,0.8588,1.0811,0.9905,0.1764
0.798,0.4625,4.7653,0.1776,0.5777,0.1314,1.2751,0.7133,0.3058,1.2426,4.9662,0.6078,4.6028,5.3324,0.1353,0.6409,0.01538,6.7078,0.08808,0.0554,1.8268,1.9009,1.3784,0.662
0.8903,0.8419,4.3186,0.2313,0.5575,0.5415,0.3266,0.6186,0.3225,0.8201,4.0197,0.6104,2.7864,2.9211,0.4271,4.4659,0.01489,4.6768,2.8194,2.267,2.8681,1.1289,1.11,0.5338
0.9608,0.5639,2.3166,0.3766,0.5777,0.4347,0.3513,0.8366,0.3232,1.5222,4.2725,0.09934,1.848,1.2612,0.9024,0.6448,0.002502,4.1256,0.8945,0.4061,0.9376,1.0295,0.6211,0.1344
0.07816,0.6022,5.1729,0.8439,0.1568,0.2051,0.5327,0.1208,0.445,1.4242,4.5715,0.08454,NA,1.5029,1.3325,3.25,0.5095,3.864,2.5274,1.2778,1.0122,0.2371,0.7845,0.1288
1.0623,NA,4.6153,3.0544,0.9329,1.2495,0.7536,0.1697,0.6583,1.2011,5.597,0.04952,NA,3.3122,4.2899,4.1181,NA,6.3835,3.5067,0.09542,NA,1.0057,1.2647,1.4945
1.2285,NA,4.4719,1.1176,0.4156,1.013,1.1688,0.5818,0.8005,1.1891,4.6473,0.8454,NA,3.5125,1.0596,1.5942,NA,4.4743,0.7315,0.5641,0.5897,0.6762,0.8432,1.1717
0.7337,0.6361,2.3487,0.6818,0.5561,1.2248,0,1.0949,0,3.3595,5.646,0.8453,2.8217,2.984,0.7313,3.2569,0.8043,4.9233,1.3541,0.6241,2.8447,2.5558,3.1467,0.9725
1.5323,0.5456,2.2439,0.1546,0.1607,0.4808,0.4317,0.9918,0.7336,0.7462,5.538,0.3857,3.6462,4.1463,0.2685,2.5482,2.048,5.9311,1.5398,0.0524,0.6933,2.2338,0.7715,0.2446
0.6154,0.09364,3.0273,0.1703,0.6068,0.1437,0.571,0.2158,0,0.8561,4.4205,0.5751,2.2185,2.4964,0.426,2.1081,0.0002795,5.4912,1.2257,0.05906,0.7232,0.9657,0.6686,0.3408
0.7924,0.2073,3.558,0.3236,0.2728,0.8552,1.0389,0.4166,0.4763,0.6913,3.5626,0.7511,3.7125,3.3382,0.8521,1.184,0.8849,5.6526,0.8245,0.7483,2.2147,1.2638,1.0808,0.7658
0.9688,0.566,4.5573,0,0.4886,1.27,0.6094,0.826,0.3243,0.3717,4.0105,0.8939,NA,3.6574,0.1107,3.7711,1.044,4.8994,1.9704,0.1584,1.8226,1.4561,1.0972,0.3576
0.6342,0.09552,NA,0.3011,0.4479,0.1928,1.1856,0.2215,NA,0.7121,4.3664,0.08142,1.8327,1.5781,0.3968,5.0257,0.3011,4.1463,3.7803,0,0.5951,0.8885,0.191,0.2732
1.078,1.4162,1.8947,0.1418,1.8562,0.8649,0.2443,0.673,0.3297,0.817,4.1316,0.5777,NA,1.9441,1.6655,0.8604,0.9064,5.9981,1.076,0.9942,2.1058,1.1125,0.4882,0.6008
1.0837,0.6128,2.8561,0.06791,0.392,0.702,0.3467,0.9935,0.3831,0.8979,4.5306,0,2.5822,2.5565,0.439,0.6039,0.1568,4.6902,0.1261,0.06749,1.4205,1.9641,0.5424,0.2684
1.392,0.29,1.3119,0.02981,0.1513,0.2304,0.5506,0.4803,0,0.4585,3.6454,0.3812,2.8245,3.5973,0.1322,0.6005,0.6379,5.9739,0.2346,0.1757,0.9168,2.2176,1.218,0.1603
0.6571,0.1723,4.3709,0.0112,0.7236,0.3042,1.1932,0.4587,0,1.4442,3.7359,0.6839,3.4797,2.5477,0.2971,2.5158,0.07151,5.4913,1.5048,0.4061,1.8609,0.8173,0.8821,0.5614
0.5775,0.4101,4.6617,1.0402,0.1638,0.3651,0.5852,1.2078,0.01563,2.0391,4.6206,0.2267,2.2389,1.7592,0.4266,1.11,0.9004,4.3812,0.6889,0.186,2.4224,1.7415,1.3392,0.3236
1.3268,0.6261,4.2066,0.3608,0.4302,0.8491,0.7626,1.136,0.6998,1.2023,4.3584,0.3285,NA,3.0649,2.0322,2.1937,0.2654,6.5769,1.0566,1.1365,2.016,1.688,1.5173,0
1.4793,1.5507,5.1812,0.9109,3.4461,1.4265,2.941,1.7104,0.2427,2.4806,5.0969,0.9072,4.4324,4.4021,1.0236,2.7097,1.6558,6.7285,2.5837,0.03409,2.4682,2.1155,1.1019,1.7201
0.09182,0.6276,2.8038,0.03335,0.7047,0,0.2863,0.2437,0.3489,0.2384,2.9392,0.0797,NA,0.777,0.02371,0.03729,0.1536,4.9997,0,0.4742,1.2931,0.5267,0.8459,0.1109
0.8105,0.7994,3.4708,0.3662,0.7325,0.5093,0.734,0.8679,0.1958,0.794,4.8466,0.6781,4.5254,4.9511,0.2477,1.4177,1.7991,6.3544,0.2557,1.2888,3.3988,1.1692,1.8216,0.3595
0.5229,0,3.7468,0.2623,0.2469,0.03238,0.4326,0.3264,0.1539,0.6673,3.5689,0.1644,1.6349,1.0589,0.1114,0.3876,0.001922,3.5616,0.486,0.4231,1.3576,0.2048,0.3892,0.2836
0.1625,0,3.6505,1.3842,0.08038,0.09112,0.07466,0.02076,0.006384,0.7905,4.2832,0.1337,NA,1.1319,0.149,0.4783,0.4506,4.0841,0.4344,0.1002,0.8349,0.8478,0.5095,0.00911
0.8428,0.1648,3.5976,0.4072,0.3646,0.1399,2.0535,0.9159,0.02918,1.9715,5.8478,0.1112,4.8923,4.5194,0.3218,0.06714,1.1151,6.5657,0.113,0.6149,1.2478,0.6416,1.7212,0.3595
0.6551,0.2173,3.8812,0.8997,0.07477,0.7237,0.6352,0.8737,0.02719,2.3858,4.9845,0.3438,4.4997,4.9059,0.06319,0.6039,1.0214,6.7624,0.5656,0.1793,1.6558,1.1676,1.0475,0.4621
1.1923,0.8682,1.6738,0.636,1.678,0.9088,1.4733,0.9907,0,1.8628,4.5178,0.4801,3.1318,3.0734,0.8193,2.3507,1.2313,3.8862,1.2609,0.1419,1.9118,1.4694,1.3123,1.42
1.1134,0.2467,2.995,0.3776,0.6584,0.7854,0.23,0.3069,0.001849,0.5018,3.3299,0.1231,2.3722,1.975,0.9118,2.6984,0.2847,5.5322,1.8812,0.1303,0.5686,1.36,1.1861,0.9057
0.7117,0.2585,4.354,0.05832,0.03881,0.2897,1.2891,1.0135,0.04761,0.2458,3.6994,0.2025,2.8785,3.1158,0.3543,0.5807,0.277,5.9641,0.4306,0.1648,1.1058,1.7276,0.7687,0.07119
0.8444,0.5761,4.4812,0.47,0.302,0.6938,0.6394,0.9374,0.2558,0.876,4.4547,0.8653,3.213,3.5301,0.2353,3.2954,0.6835,6.6097,2.2005,0.9622,1.7043,1.6675,0.7962,0.06025
1.4926,NA,3.1048,0.9979,0.4988,0.6331,0.5674,0.7401,0.1671,0.6146,3.5883,0.04854,NA,3.3782,1.5302,0.44,NA,5.2003,0.5233,0.2016,1.433,1.2524,0.9618,0.1266
1.2322,0.5389,1.9626,0.5548,0.5668,0.4878,0.4457,0.3298,0.5928,1.3901,3.0253,0,NA,2.3488,1.1132,1.0772,0.03892,4.1841,1.2776,0.6494,1.0853,0.7772,0.7762,0.1802
1.7882,0.1241,2.2316,0,0.4242,0.06679,0.03456,0.502,0.02904,0.2155,NA,0,1.7724,0.9251,0.2945,0.3616,0.1991,3.7399,0.5816,0.5813,0.01511,1.5781,0.3718,0.3573
0.8519,0.5501,4.6603,0.7796,0.3857,0.2506,0.5793,0.5069,1.3464,0.8458,5.0159,0.7181,3.6217,3.5634,0.2883,1.5143,1.0682,7.4369,1.1403,0.3454,1.2268,0.5798,0.7747,0.5495
1.8429,NA,3.9869,1.4862,0.9194,1.5613,1.0581,1.9054,NA,1.4378,4.5119,0.3121,NA,3.7843,2.3205,2.158,NA,5.2374,1.6815,0.7352,NA,1.7813,1.636,1.0627
0.5139,4.4689,2.6177,0.2072,0.4225,0.26,2.3393,1.5732,0.2157,2.3796,4.4477,0.1151,2.651,2.9957,0.1807,3.3323,0.1798,4.1212,1.6161,0.5659,2.2312,0.1,1.4739,0.3546
0.8788,0.577,3.0737,0.4732,0.4909,0.573,0.00713,0.8942,1.0459,0.08253,4.9712,0.4783,NA,4.3275,1.5628,0,0.7898,6.7887,0.04644,0.8706,NA,1.1366,1.3379,0.1718
0.2968,0.1742,1.904,0.01134,0.1084,0.3121,0.6145,0.2558,0.117,0.3671,3.9079,0.9837,2.7183,3.336,0.4631,4.1038,0.3628,NA,2.8866,0.1695,1.4977,0.3495,0.5648,0.06366
1.9651,NA,2.942,0.4223,0.1598,0.2146,1.5357,1.2322,0.7382,1.1118,5.6735,0.154,NA,3.8043,0.7765,0.2465,0.8865,5.864,0.7211,0.1446,0.6303,1.5215,0.986,0.04943
2.3798,0.8476,2.2019,0.8946,0.2177,0.3314,0.3061,2.1489,0.6133,1.016,4.5845,0.7432,NA,3.1123,1.3367,0.4387,0.8691,5.5617,0.7486,0.06617,1.6543,1.8487,1.145,0.4546
0.00972,NA,2.0726,0,0.07892,0.4561,0.2737,0.2516,0.1434,0.329,4.9742,0.4065,NA,1.7151,1.0871,0.2756,NA,5.5601,0.7839,0.06938,0.7123,0.1327,0,0.05276
0.3778,0.05129,4.1939,0.1194,0.4119,0.3503,0.2386,0.5046,0,1.1873,4.3413,0.01658,3.2714,3.3351,0.3866,0.6579,0.331,6.6604,0.668,0.04294,1.3615,0.09859,0.8429,0.3616
0.3713,0.03021,3.573,0.4256,0.3899,0.2438,0.5346,0.2361,0,0.8934,3.7559,0.0006212,NA,3.2347,0.2431,0.5158,0.3161,6.3589,0.09393,0.06317,1.5412,0.1058,0.6888,0.2903
0.7213,0.149,3.1215,0.2262,0.3409,0.5273,0.5077,0.6467,0.02045,0.6321,4.4823,0.3081,2.646,2.2859,0.3225,1.3756,0.4901,5.3868,0.9301,0.414,1.5052,1.8519,0.8432,0.1981
0.7972,0.6589,0.8792,0.01494,0.1138,0.4724,0.5788,1.1257,0.4268,0.4384,4.2399,0.5498,NA,3.6195,1.1144,0.751,0.1157,3.8675,0.6353,0.0486,1.9967,1.1916,1.4616,0.2684
0.561,0.4743,2.0534,0.1975,2.6066,0.4135,2.3703,0.4668,0.4371,1.8192,4.5124,0.5152,NA,3.0826,0.5201,1.8058,0.3678,3.2082,2.3689,0.003985,0.8645,1.1636,0.4078,1.1767
0.6894,0.237,3.6954,1.1969,0.3635,0.06515,1.094,0.5123,0.1486,1.504,5.2809,0,2.9776,2.1728,0.2909,2.6131,0.09706,4.9461,1.9691,0.4112,1.5606,1.2731,0.9052,0.6598
0.747,0.4445,3.0418,0.6647,1.0958,0.1337,1.719,0.1219,0,1.703,3.6257,0.2687,1.8317,1.5602,0.3543,1.8229,0.09282,2.2967,0.08598,0.5941,1.5432,1.7076,0.6316,1.4395
1.595,0.5659,4.9316,0.3071,0.1743,0.363,1.0993,0.9536,0.1685,1.383,4.298,0.4032,0.8084,1.4231,0.3792,2.3665,0.44,4.7678,1.3702,0.1203,1.1536,2.5434,0.6529,0.2035
0.8118,0.7678,3.4326,0,1.8224,0.1393,2.3879,0.531,0.6167,3.0689,3.8515,0.3675,2.5662,1.7052,0.2142,1.7547,0.6659,5.8944,0.1997,0.08633,1.8457,1.5185,0.6712,3.7373
0.3537,5.016,3.8223,0.3105,0.5306,0.1017,3.0717,1.7159,0,3.12,4.7085,0,2.7764,3.1619,0.9883,4.5708,0.7817,7.1048,3.3419,0.1505,2.0601,0,1.5403,0.5995
0.1697,0.2396,3.0618,0,0.2586,0.252,0.2412,0.604,0.1699,0.4023,4.1427,0.04803,1.4702,0.7999,0.4285,0.6498,0,3.8193,0.2575,0.1171,0.4491,0.5531,0.576,0.2221
0.7562,0.5337,3.259,0.8396,0.35,0.2595,1.7467,1.1214,0,2.6843,5.5938,0.06782,NA,4.1862,0.5354,0.8899,0.6917,7.1858,0.2601,0.484,3.2177,1.406,1.5483,1.171
0.1118,0.3953,2.3161,0.2342,3.0902,0.08222,0,0.04209,0,0.4616,4.2563,0.7984,1.6931,0.02054,0.2425,0,0.06974,2.1929,0.04301,0.02117,1.5955,0.3207,1.1268,0.03998
0.2859,0,4.244,0.5487,0.2708,0,0.4428,0,0.24,1.6975,3.797,0.04412,NA,1.7644,0.339,1.4783,0.319,4.4533,1.3191,0.03804,0.3902,0.1488,0.1312,0.3705
1.2612,1.2823,5.2371,2.3361,1.0422,0.8865,1.4715,3.7305,2.1438,2.052,5.957,1.989,5.873,5.916,0.9751,1.3118,1.6378,7.3422,1.4402,1.2475,2.3549,5.9893,1.3471,0.473
2.0584,0.8088,2.8034,0.2699,0.5138,0.0876,0.4243,0.7197,0.1274,0.8505,4.3094,0.7374,2.9318,2.5752,0.1362,0.01305,0.846,3.9828,0.02962,0.2642,2.8689,2.7318,1.1074,0.6266
1.8775,1.0203,3.1359,0.5896,1.2147,1.1439,1.0333,1.1405,0.9611,0.9664,5.8744,1.1083,5.2731,5.2886,0.8364,0.4658,2.1229,6.4498,0.6701,0.2035,1.9536,2.4255,1.8524,0.6156
1.1795,0.8608,2.6965,0.7028,0.7179,0.7109,0.3353,1.0946,1.3994,0.77,5.9228,1.325,5.5533,5.2524,0.5791,2.4864,1.6728,6.9777,1.7805,0.5583,2.289,2.3245,1.9616,0.7472
0.898,0.00241,3.6219,0.1644,0.1757,0.01861,0.2464,0.4398,0.1492,0.8398,4.0883,NA,NA,3.1375,0.4923,0.8653,0.2396,5.1868,0.3552,0.1107,0.6164,0.6489,1.2289,0.04175
2.06,2.5759,4.5868,1.8206,1.9384,1.5578,3.6528,1.7637,2.1037,1.6642,4.5822,1.8656,5.3433,6.0318,0.9377,5.2407,2.1537,7.2501,3.026,0.9013,3.2481,3.4513,1.2846,1.1808
1.0059,1.8695,5.1094,0.8275,1.2129,3.1439,1.5103,1.5846,1.8714,2.893,5.7298,1.21,5.795,5.7118,1.2389,3.4643,2.6673,7.5086,3.1872,1.7807,4.4472,2.3725,2.8261,1.8084
1.3035,0.5898,2.1313,0.1742,0.5375,0.4471,1.0985,1.1206,0.6485,1.3125,2.9172,0.2139,1.357,0.2574,0.2611,2.9449,0.315,1.9411,1.7299,0.1817,0.4526,1.3735,0.29,0.3191
0.5445,0.3039,4.7694,0.1044,1.9085,0,2.2272,0.01164,0.05828,3.2719,3.8509,0,1.7352,2.0685,0,0.7479,0.1876,2.4629,0.7347,0.7655,1.1716,0.9348,0.3062,2.6857
0.5995,0.358,5.2123,2.14,0.2113,0.6576,0.5686,3.6422,1.7307,0.3538,4.163,0.8244,4.1061,4.3579,0.7376,2.7494,0.307,5.8234,1.5757,0.0819,2.3323,0.5641,1.0145,0.18
0.3189,0.6024,3.6759,0,0.2543,0.01872,0.05208,0.2865,0.408,0.2085,4.2886,0.4669,3.8186,3.8954,0.06463,2.7382,0.08833,5.4703,1.5453,0.403,1.9139,0.6554,0.661,0.07583
0.8817,5.6277,4.7185,1.9724,0.9807,0.644,3.2752,2.7737,1.3594,2.5777,5.8635,1.6803,4.4124,4.5702,1.2877,3.6923,1.2449,7.0551,3.1959,0.3954,2.4167,2.1484,1.5281,0.6935
1.1647,6.0634,4.667,0.9357,0.3354,0.9154,4.2714,3.0185,2.0652,3.3257,5.6418,1.7046,5.2348,5.2851,1.0611,4.5392,1.5487,7.0443,3.654,1.0564,2.7795,2.3065,1.6864,0.8905
0.9333,0.3997,3.1534,0.6293,0.03488,0.1889,0.6917,0.2972,0.6987,0.1063,6.84,0.1978,4.3124,3.6358,0,1.3958,0,3.6015,0.4856,0.09389,0.09803,0.9299,0.2381,0.8885
0.6313,0.1693,2.8339,0.8282,0.1241,0.1545,0.2668,0.06502,0.09609,1.4051,4.1846,0.4543,2.0636,2.2263,0.5048,0.16,0.1057,5.5755,0.5019,0.08282,1.366,0.8001,0.7523,0.26
1.2993,0.9375,3.0827,1.009,0.9963,1.0682,2.5246,2.0558,1.2202,2.4584,5.4117,1.4882,5.0107,5.3756,0.878,0.7167,1.778,7.2847,1.273,1.4195,3.086,2.2342,2.0581,1.1054
1.7665,2.1147,3.6605,1.8775,1.5649,2.772,1.8525,2.0731,3.6396,2.0536,5.983,1.8187,5.5188,5.3689,1.4433,2.5862,2.4569,7.7957,2.5412,1.5218,3.4219,3.2246,2.6279,1.6441
0.5807,1.1117,2.9575,0.9671,0.6883,0.6954,0.2569,0.7745,0.6492,1.4684,4.663,1.1127,3.2757,3.0798,1.1121,0.01169,1.2728,4.3178,0.4134,0.6253,2.5285,0.7929,1.1036,0.3904
1.5338,1.8004,3.3586,2.6088,1.4487,1.6592,2.4599,1.8084,1.6808,1.9845,5.9569,2.8323,5.5993,5.7389,1.8489,1.74,2.7305,6.7558,1.4634,1.8282,3.5251,1.5482,2.0937,1.5452
2.9187,1.9171,5.0957,2.1395,1.3522,0.7146,1.4398,2.4015,1.0836,0.791,6.2917,1.6377,4.9078,4.9954,3.4205,1.4584,2.7606,6.817,0.7485,0.9127,3.0544,3.8758,2.0685,1.0643
2.8915,1.172,2.3687,0.4474,0.5922,0.8092,1.0497,1.0319,1.2502,1.3277,4.7345,1.1921,4.8066,4.5036,0.6322,3.3683,1.6616,5.5779,1.7358,0.1373,2.1238,2.6995,1.5244,0.1907
1.1025,1.2999,2.238,2.0272,1.4096,0.2678,1.7767,1.2027,3.2609,1.5809,6.1489,0.8653,4.2453,4.0341,1.2349,0.8526,1.8035,7.4814,0.5246,1.3646,1.4077,1.2094,1.5187,0.3886
2.9271,0.3661,3.1529,1.0286,0.4323,0.1505,0.863,0.6391,1.9258,1.1093,5.5411,1.3176,2.5262,2.7252,1.0111,4.076,1.4777,6.8236,4.2428,0.4897,1.2707,2.6193,0.4642,0.7388
1.2566,1.7814,2.8608,1.2391,0.5553,0.6171,1.79,1.1515,1.3348,1.7256,5.892,1.2061,4.3888,4.2652,0.3931,2.2155,1.2437,4.882,1.2882,0.7567,2.5952,1.8072,1.6761,1.239
2.8203,2.294,4.1762,1.5314,1.3094,2.9584,3.1197,1.9859,2.5181,1.5623,6.2273,2.421,5.4087,5.3778,1.1165,7.3807,2.9168,7.4525,6.4934,5.2178,3.8609,3.3125,2.4769,1.9143
1.3166,0.7336,3.4746,0.8851,0.3482,0.7133,1.54,0.6353,0.4889,0.698,4.3878,1.5503,3.9819,3.6587,1.0364,2.855,0.3853,6.704,2.518,1.2235,2.1509,1.6747,0.9213,0.3177
1.5436,0.5869,3.782,0.3701,0.1402,0.2235,1.2147,0.9721,0.3791,1.7839,4.0279,0.4203,4.5677,4.4574,0.0185,2.221,0.7454,5.5687,1.1495,0.07659,1.2339,1.3417,1.3518,0.2919
1.7747,0.8678,3.9975,0.1429,0.4612,0.2607,1.3733,0.6655,0.7502,0.7074,4.9275,0.5484,3.5752,3.3499,2.0894,4.2844,1.3716,6.6567,3.1457,0.1878,3.237,2.1649,1.4124,0.8222
3.0325,0.9395,3.7075,0.8031,0.6322,0.8868,0.2391,1.3331,1.9436,1.9454,6.4753,1.2146,3.0544,1.2153,1.2007,3.7848,0.4814,6.7817,3.2726,0.3779,3.882,3.0508,2.3468,0.6618
2.8999,1.5625,5.2887,1.0553,1.233,1.1689,0.3323,1.3265,1.279,1.295,5.9291,0.9786,3.7332,4.6146,0.5586,2.9921,0.6168,6.5985,1.6147,0.4187,1.805,3.1165,1.5766,1.0362
2.4006,0.838,3.7225,1.5495,0.8492,1.0518,0.4735,1.1504,1.8304,1.2083,5.5941,0.9686,3.8717,3.1229,0.5257,2.9593,2.1591,4.819,2.179,0.333,1.4718,2.9462,1.0816,0.3782
NA,NA,4.46,0.7471,1.1151,0.5353,1.1035,0.3788,0.1254,2.5074,NA,0.3316,NA,3.3078,1.593,1.3214,0.5614,6.8063,0.494,0.3717,1.4881,0.9235,0.5498,NA
1.0001,1.0867,4.1444,0.1681,1.4366,0.5461,2.0485,1.0815,0.2743,1.305,4.4637,0.8092,NA,4.6446,0.7285,2.1571,0.3205,6.8819,1.6198,0.2989,2.0956,1.8193,0.8257,2.1
1.0074,1.8129,2.8214,0.4665,0.2367,1.2758,2.0087,0.9777,0.9562,2.0812,5.0557,0.4338,5.1588,5.0562,0.4284,1.2719,1.6975,6.7581,0.5534,0.1942,1.0915,2.4579,1.5745,0.3789
0.3176,0.5522,2.6606,0,0.8744,0.7318,0.2042,0.5643,0,0.8105,4.0845,0.2289,3.4797,3.1009,0.5672,0.777,0.6204,3.6733,0.5792,0.3992,1.1364,2.3151,0.6005,0.3438
0.8091,NA,3.074,0.4763,0.956,0,2.8997,0.3058,0.7494,3.1181,4.0611,0.5981,NA,1.736,0.4814,0.7286,NA,4.5217,0,0.3699,NA,1.5033,0.1211,4.4132
1.6448,NA,4.2745,0.635,0.195,0.3467,0.8706,0.7359,0.3171,1.474,5.2349,0.4051,NA,2.7238,0.6438,2.6177,0.002948,5.9449,2.5031,0.1876,1.5202,1.4087,0.4683,0.1262
1.2929,0.9183,3.522,0.6963,0.5409,0.952,1.1074,0.9068,0.5398,1.4867,4.7205,0.6724,2.8908,4.0707,1.1528,3.4454,1.4771,5.3468,2.4031,2.0835,2.2858,1.5978,0.8724,0.4567
0.3992,0.7207,3.1346,0.1242,1.3183,0.3032,0.6199,0.05788,0.06187,0.8307,3.7262,0.2783,1.7327,1.3378,0.1302,1.0812,0.3588,4.0004,0.9361,0,0.7273,0.6884,0.008233,0.4433
1.8822,7.0051,3.2142,1.7146,1.1767,1.5865,4.0457,3.0952,2.1997,3.0741,6.3121,2.1035,5.8889,6.526,1.1325,1.7295,0.7632,6.7188,1.2336,1.0265,2.4329,2.8218,2.0343,1.0818
1.5103,1.0794,4.3846,1.0151,0.1136,1.0186,1.2213,0.7177,1.192,1.161,6.4096,0.941,4.7985,4.5603,0.931,2.1986,1.2846,6.5453,1.9695,0.6096,2.2936,1.0007,1.5712,1.0277
1.0192,0.3176,3.8928,0.06698,0.7992,0.0689,0.4912,0.8983,1.2785,1.9595,5.3984,0.01542,3.1957,4.0743,0.186,1.8426,1.3344,7.2354,0.4243,0,0.838,1.2132,1.3126,0.06596
1.7337,1.4978,3.7258,2.5702,1.2882,1.9194,3.6068,2.013,1.3882,2.2708,5.8489,1.8441,4.9707,5.315,1.8018,0.6981,2.4962,6.9533,1.7324,1.988,1.5231,2.3917,1.9076,1.0076
1.0993,0.5101,3.3913,0.6933,1.2505,0.1509,1.6679,0.6414,0.1733,1.3733,4.3589,0.9437,1.9241,2.4981,0.5493,2.1132,0.5401,6.3364,1.3523,0.3525,2.9091,0.92,1.0196,1.4542
0.5617,0,4.9855,0.1203,0.8071,0.1098,0.05838,1.1621,0.007163,0.7281,5.6889,0.002441,4.7234,4.5568,0.4018,0.249,1.0717,7.1403,0.2098,0.6648,2.1272,1.8164,1.6047,1.1327
1.0687,0.2982,4.2419,0.2274,1.1779,0.827,0.8386,0.4238,0.4075,1.8722,3.3188,0.8591,1.9174,1.8377,0.5952,3.1372,0.4865,2.7143,1.8733,0.4074,1.3644,1.4769,0.6609,1.1618
2.0396,1.7965,4.3378,1.3201,1.1878,1.4534,1.4458,1.8184,2.7093,2.6292,6.0713,2.8625,5.5641,5.3652,0.3809,0.8781,1.2261,5.1909,0.1338,1.3751,2.2879,1.9472,2.0445,0.9251
2.8798,2.2922,3.2781,0.6193,1.8908,1.3709,0.4225,2.432,1.3427,1.7224,4.8948,1.1561,2.5387,2.64,0.3876,1.7369,2.2415,3.0682,1.3771,0.3489,1.0413,2.6661,1.0434,0
2.5881,2.979,6.104,2.4402,2.3191,2.0047,2.5768,2.741,2.1439,1.3969,6.4125,5.7935,4.9124,5.6936,0.9584,3.6304,2.0811,7.0911,2.892,1.403,3.289,4.6298,5.4525,2.0672
1.1281,0.8493,4.2295,0.07766,0.1763,0.5748,0.2234,1.0041,0.2119,0.1919,5.3795,1.7042,4.2545,4.8885,0.02479,7.2797,1.6237,6.3485,5.9343,0.9367,1.8252,2.1811,1.4035,0.02743
2.3013,1.1833,3.5381,1.707,0.4723,1.4452,1.1565,1.3689,1.9956,2.5859,6.1828,2.4072,4.6729,5.118,0.6852,3.3518,1.8102,6.9156,3.0387,1.1923,1.8725,2.9182,2.5062,1.2901
1.432,0.1021,3.0913,1.0764,0.454,0.3927,0.5777,0.719,1.226,0.03643,5.1266,0.4391,3.6338,4.1392,0.456,0.8127,0.4619,2.2649,0.7856,0,2.5356,1.9474,0.7243,0.01967
1.2703,0.5266,4.3291,0.3361,0.4327,0.0222,0.6972,0.8664,0.7571,0.305,4.6055,0.301,2.9043,3.1338,0.7028,0.1878,0.1654,5.5828,0.149,0.359,1.7244,1.4006,1.7102,0.6947
1.0021,3.0468,4.9797,1.2229,2.4691,1.6096,2.1889,1.0024,2.4531,2.0527,4.718,0.1197,3.8757,3.7682,0.8306,3.6834,3.2073,6.3132,1.4415,0.3534,2.0498,1.7956,1.6516,1.6374
0.6896,0.6137,3.252,0.142,0.8549,0.1837,1.508,0.4426,0.7935,1.581,4.0304,0.4858,2.6162,2.833,0.2671,1.0343,0.501,6.6738,0.528,0.396,1.8703,0.8336,0.8046,1.0886
0.9825,NA,5.8391,0.7986,0.212,0.2262,0.8065,0.9346,0.217,1.2281,4.7622,0.1968,NA,3.4621,0.5193,1.5961,NA,6.9914,1.1178,0.54,1.3954,1.0404,0.6471,0.172
2.3048,1.9258,3.9403,1.3292,2.28,1.6994,2.4621,1.5978,0.6315,2.2778,4.4884,1.4692,2.4694,2.8592,1.3679,6.3027,3.2376,5.6824,4.8064,3.138,3.6745,3.2014,1.7524,0.981
2.5798,1.4159,4.3214,1.4464,2.1057,1.4657,0.9041,0.6926,0.8321,1.7525,5.166,0.9539,2.7359,4.0027,0.3439,4.8546,1.3037,4.8331,2.6515,0.2252,2.0386,2.7267,1.9045,1.5967
0.8707,2.2442,5.2895,0.9438,1.7222,2.3462,2.0052,2.2926,0.8573,1.8289,4.8471,1.2132,4.9054,5.3799,0.692,3.2309,2.3797,6.627,2.8138,1.2174,3.5476,3.3459,2.4923,1.2231
0.645,0.9951,4.4088,0.4951,0.4067,1.2283,1.137,1.0166,0.312,1.0475,4.3192,0.7501,3.5342,3.7848,0.7641,1.4276,0.8939,6.0005,1.3757,0.3552,1.5553,1.3743,0.6937,0.1102
1.2364,0.708,5.6352,0.8487,0.6875,0.862,0.8811,0.6696,0.7809,1.3319,4.05,0.1739,4.4759,3.6274,1.8878,3.0477,1.4922,5.6275,2.07,1.3967,2.3233,0.9968,1.1986,0.07185
1.3564,1.0356,2.9144,0.4811,0.5271,1.5895,0.9781,0.926,0.3488,1.1044,4.4665,0.6186,3.0189,3.6949,0.3143,4.4123,1.7566,7.026,3.0278,1.7858,1.8795,2.255,0.4622,0.2052
0.7741,0.9846,3.7607,0.6148,0.394,1.0335,1.2506,0.3513,0.3853,0.9963,3.5298,1.0246,2.4335,3.0344,0.8199,3.8317,1.0667,4.8909,2.9523,1.9707,2.7048,1.0123,1.1025,0.6819
0.3319,0,2.3806,0.4424,0,0,0.08418,0.3369,1.0702,0.6093,3.6394,0.4461,0.9154,0.4341,1.0106,0.9748,1.0396,3.5542,0.3584,0.1847,0.9187,0.8891,0.2702,0.002914
1.6441,0.6898,4.5972,0.1746,0.1094,0.6133,0.5142,0.5136,0.2364,0.7113,4.2388,0.7236,3.6776,2.8429,0.1151,6.2069,0.5886,5.0682,4.1904,3.4382,2.9728,0.6657,1.1354,0.242
0.5824,0.1775,1.0754,0,0.2613,0.06517,0,0.286,0.004055,0.3715,3.5793,0,3.195,2.8124,0,0,0,1.7118,0.4517,0.06505,0.6779,0,0.5458,0.06946
0.05775,0.02888,2.2829,0,0,0.1078,0.3986,0.1223,0.08491,1.0895,2.822,0.02019,0.5917,0.1861,0.0335,0.1574,0.03619,2.9703,0,0.05661,0.3966,0.03916,0.1206,0.01655
0.9113,0.05218,2.3478,0.2108,0.1841,0.2685,1.011,0.2423,0.05559,0.7193,3.1656,0.6344,3.4227,3.5594,0.2473,3.014,0.3509,3.2842,2.0782,0.2664,1.8839,0.9789,0.9148,0.9399
0.6989,0.1196,2.7908,0.1752,0.2258,0.2632,0.2975,0,0.06129,1.1718,3.7921,0.05495,NA,1.0455,0.3358,1.719,0.2417,5.3331,0.9039,0.08837,0.9703,0.3709,0.6056,0.7528
0.1908,0.1514,4.1261,0.5715,0,0.312,0,1.7536,0.3893,0.3674,5.489,0.04683,5.0054,4.3541,3.1432,1.5185,0.7352,7.6077,1.0256,0.1102,0.5358,4.0199,0.08662,0
0.8338,0.1774,1.9799,0.005834,0.1027,0.8066,0,0.3791,0,0.2105,3.5627,0.3457,1.9584,1.9181,0.3588,1.683,0.3311,4.968,1.2855,0.4923,2.3493,0.4886,1.1864,0.3647
0.6409,0.6021,4.0967,0.4074,1.0963,0.08894,1.0565,1.0091,0.2157,0.8507,5.1246,0.9127,4.2914,4.034,0.07678,1.0265,0,6.193,0.3024,0.1871,1.7808,0.7201,1.1174,0.532
0.4366,0.07936,1.7525,0.2135,0.03765,0.05811,0.1918,0.4162,0,0.4416,NA,0.3295,0.9265,0.0547,0.5285,0.2755,0.04726,2.1174,0.3521,0.7171,0.1744,0.4014,0.2366,0.198
0.6813,NA,4.4612,1.4672,0.9137,1.2014,0.8908,0.9138,0.5113,1.9159,5.2869,0.863,NA,3.489,1.8825,1.396,NA,7.0334,1.2402,0.6903,NA,1.4667,1.8453,1.7752
0.7852,0.1037,3.3292,0.5756,0.1778,0,0,0.389,0,0.861,3.4858,0.07339,NA,1.8313,0.5809,0.5376,0.1045,4.2852,0.5544,0.03584,1.4552,0.5029,0.5932,0.04207
1.3222,NA,2.0416,0.4133,0.3101,0.4564,0.6893,0.6794,0.2926,0.5897,3.9544,0.3386,NA,4.6127,0.517,1.3967,NA,3.8372,0.9396,0.4281,NA,1.4503,1.0356,0.3446
1.0259,0.2676,2.7475,0.1321,0.6579,0.6969,1.6191,0.8049,0.2392,0.9599,3.3768,0.7517,2.3485,2.4824,1.05,0.3681,0.2611,2.7268,0.623,0.7003,1.5302,1.112,0.2215,0.03859
1.1108,1.199,3.9465,0.2464,1.0674,0.5605,1.7353,0.8491,1.0297,1.6106,3.4435,0.448,NA,2.2109,0.466,3.5121,0.16,2.6585,2.6927,0.4569,1.0695,2.2025,0.7474,0.7601
0.2968,0.04111,3.0586,1.0762,0,0.1569,0.1212,1.2033,0,0.2015,4.2807,0.09596,NA,2.6928,0.6597,1.4693,0.4576,5.9128,0.7473,0.1536,1.0229,3.0368,0.3247,0
1.5118,0.06098,1.8151,0.008045,0.3532,0.3538,0.7165,0.2529,0.04266,1.0391,4.3308,0.1303,1.3475,0.7309,0.358,2.0249,0,1.967,1.1711,0,1.8252,1.032,0.6075,0.2642
0.6375,0.2846,3.7077,0.2471,0.8241,0.6099,1.3531,0.3606,0.1745,1.2858,4.4124,0.4373,NA,4.6056,0.6914,1.3819,0.009649,5.6539,1.548,0.1243,1.4631,0.7365,0.4621,0.8588
0.3032,0,2.603,0.3604,0.2054,0.4608,0.3462,0.7844,0,0.6306,3.8051,0.04339,1.8847,1.5358,0.1664,1.3384,0.5503,5.3135,1.1426,0,1.3524,0.4276,0.7372,0.1756
0.7806,0.1603,2.3156,0.6169,0.08543,0.2199,1.3605,0.6601,0.09005,0.896,3.1685,0.2575,2.7698,2.5969,0.8244,1.2794,0.08489,5.1485,0.575,0.187,1.7809,0.8205,0.7215,0.4376
0.7917,0.2486,3.6005,0.02801,0.05,0.2397,0.2739,0.2733,0,0.6998,4.8071,0.3994,3.9651,3.9107,0.6428,0.01505,0.01077,5.9369,0.3316,0.2072,0.9778,0.7283,0.5918,0.2287
1.5664,0.6464,3.5814,0.4931,0.1116,0.5628,0.5329,0.6479,0.1852,0.881,4.4206,0.6187,1.5377,0.7921,0.2849,2.6284,0,3.7909,1.026,0.2675,1.377,2.3426,1.5491,0.4963
1.5614,NA,4.1346,2.4325,0.2819,0.7415,0.9075,0.6022,0.1716,0.93,5.6512,0.6532,NA,3.4304,5.445,1.6464,NA,6.895,1.0501,0.1605,NA,1.0759,1.3819,0.2845
0.454,0,2.4246,0.1938,0.2179,0.4264,0.7129,0.4765,0.02207,1.1876,3.723,0.2021,2.9701,2.7067,0.1931,0.7281,0.09302,4.4677,0.3451,0.3563,0.8976,0.8922,1.1777,0.3112
1.4305,0.6397,4.8463,0.7479,0.1266,0.4729,0.6231,0.7331,0.7145,1.7263,4.4484,0.7113,3.4227,3.8976,0.1648,1.7564,0.9204,6.0871,1.3179,0.5902,2.4805,2.6435,2.8243,1.0426
1.434,0.933,1.7962,0.4065,0.2626,1.9315,1.7157,1.4072,0.008973,0.6165,4.644,0.024,NA,5.2822,0.3256,0.7572,1.2198,7.4776,0.192,0.9383,1.7529,2.4557,1.5986,0
1.6451,1.3969,4.1173,1.3604,0.9553,0.7898,1.196,1.3599,1.2041,1.6841,6.3157,1.6194,5.546,5.4439,1.3083,1.5111,2.4264,6.7813,1.5696,1.6986,1.7772,1.7707,1.2434,0.689
1.175,0.221,3.7247,0.3306,0.43,0.2626,1.4521,0.5456,0,1.5834,4.0222,0.06274,2.0877,0.9304,0.2142,4.299,0.4232,5.3968,3.606,0.6814,1.7126,1.4209,0.92,0.3102
0.1996,0.1066,3.2777,0.03088,0,0.009183,0.04556,0.6056,1.0539,0.04773,4.4225,0.6413,3.771,3.4251,0.1996,0.05466,0.1972,3.8476,0.03026,0.1145,2.0355,1.0285,0.3578,0.05487
2.3462,1.1455,3.6128,0.308,1.5453,1.3676,2.1758,0.9735,1.2846,1.748,4.8869,0.6914,4.4041,4.0091,0.957,2.1609,0.9395,6.414,1.531,0.6054,2.1786,2.4489,2.1487,1.1176
0.8263,0.5402,2.3211,0.2806,0.4413,0.08035,0.9965,0.7037,0.09287,1.5768,4.5721,0.1955,NA,1.307,0.4231,1.5646,0,2.9985,1.76,0.5484,0.8473,1.0933,0.3334,0.4793
1.5511,0.9597,3.905,1.1633,0.5041,0.6948,1.8324,1.77,0.1013,1.4355,4.6008,0.8845,2.3686,2.9519,1.2394,3.3129,0.8548,5.5399,2.1314,0.8802,1.6427,1.966,0.8533,0.7557
0.7582,NA,2.4711,0.2854,0.09048,0.148,0.3333,0.2915,0.01013,0.5285,3.8365,0.2178,NA,3.0704,0.9071,0.7627,0,4.1376,0.616,0.2061,1.1501,0.2885,0.1613,0.1866
0.3433,0,2.9811,0,0.6501,0.001908,0.05539,0.8768,0,0.468,4.6797,0,4.7396,4.1211,0.07161,0,0.2911,7.1153,0.05747,0.005313,0.8231,0.4967,1.0673,0.01175
0.4341,NA,1.9816,0.225,0.549,0.3313,0.7688,0.2549,0.1163,1.1032,2.7717,0,NA,1.1709,0.2072,1.8902,NA,2.6619,1.1293,0.3126,0.9254,0.1953,0.5431,1.1257
1.5713,0.3683,3.4803,0.3393,1.0355,0.6172,1.669,0.8964,0.06966,1.9639,4.357,0.5173,2.7868,2.4189,0.2337,4.8153,0.8133,4.0096,3.4381,0.1131,0.9657,1.1405,0.647,1.0194
0.4139,0.1953,5.2552,0.3796,0.1502,0.2402,1.1919,0.2831,0.0133,0.8455,4.8531,0.03571,3.1297,3.279,0.9189,3.546,0.5238,6.0863,2.2654,0.1486,2.7444,0.8856,1.0848,0.4244
1.3248,1.4282,2.9013,0.02138,0.6192,0.1361,2.6185,0.7286,1.054,1.7224,4.6043,0.9618,1.4273,2.025,0.6257,2.6065,1.3735,3.9821,2.2178,0.3746,1.62,1.0383,1.218,1.0704
0.5336,0.04546,3.4405,0,0.04566,0.2094,0.1566,0.4299,0.03038,0.8528,4.1269,0.2384,3.0109,2.8569,0.8719,0.3997,0.3849,4.7636,0.1341,0.09208,1.1127,1.1033,0.712,0.05681
1.2253,0.9196,3.5308,0.8956,0.3525,0.6822,1.4598,1.5236,0.3498,0.8905,5.8651,0.8458,NA,2.2419,1.2026,0.9976,1.4569,6.523,0.6682,0.4482,0.4546,1.9492,0.9444,0.2547
0.1999,0.3292,4.4105,0.5486,0,0,0.08578,0.1913,0,0.1873,4.3885,0.01622,2.4115,2.2101,0.2682,0.1675,0.168,5.7387,0,0.1503,0.7076,0.9076,0.6665,0.06454
0.8205,0.256,2.3449,0,0.2394,0.2416,1.0036,0.7245,0.1654,1.0373,4.0893,1.0509,4.2248,4.8979,0.1936,2.272,0.3521,4.6277,0.6831,0.845,2.6337,1.6221,1.5132,0.4303
1.4503,1.27,2.2269,1.0637,1.5001,1.6904,2.0978,1.3399,0.6266,1.9356,3.8318,1.1985,2.4941,3.0771,0.4443,2.5424,0.9905,3.8522,2.0402,0.5705,1.5177,3.0662,1.2387,0.9836
1.7816,1.8126,2.7723,1.0465,1.1025,0.9275,0.6859,2.1796,1.6798,0.4901,6.2657,1.0556,4.3505,4.9621,0.4466,1.7988,2.5923,5.9152,1.5946,0.8152,2.7366,3.3446,2.3624,1.1118
1.4275,0.7838,2.8736,0.115,3.3578,0.158,3.9472,1.2008,0.1035,4.1439,4.352,0.1257,2.9401,1.6078,0.2523,1.436,0.02764,3.1413,0.5055,0.1538,0.828,2.8646,0.05104,4.0635
1.0006,0.02046,4.747,0.2003,0.1202,0.1101,0.793,0.5221,0.06193,1.3466,4.3673,0.05127,3.5949,3.1484,1.1989,2.4465,0,7.1679,1.8154,0.7129,0.9206,0.8825,0.858,0
