"","M","p","eta","sig_nois","G","G1","MSE","MAD","ECP_PI","ECP_CI","Iter","Sigma2_est","Test_MSPE","Test_MSE","Beta_mse","Conv","time","alpha","lasso_Sum_delta","lasso_Sum_delta_sig","lasso_MSE","lasso_MAD","lasso_Obs_test_MSPE","lasso_test_MSE","lasso_Beta_mse","lasso_time","sparsevb_Signals","sparsevb_Corr_Signals","sparsevb_MSE","sparsevb_MAD","sparsevb_Test_MSPE","sparsevb_Test_MSE","sparsevb_Beta_mse","sparsevb_time"
"1",10000,0.0125,0.8,2,40,1,0.248152113763854,14.8068077650835,0.9375,0.99,10,2371.67045434269,3954.67343585259,0.149444251613124,0.016995414261468,1,1.52199999999721,0.631130012628877,55,28,0.0773611901893609,12.001088916911,3769.76555625405,0.0812800450568527,0.0214157801218453,2.65499999999884,14,0,0.185353298658935,17.9435928302329,4566.35909216425,0.227864727577398,0.0646197788568683,19.4099999999889
"2",10000,0.0125,0.8,2,40,10,0.383960462318334,8.95576345599649,0.895,0.88,10,330.020090522276,699.814651488528,0.330696831771924,0.00969057222769849,1,1.43700000000536,0.340999134869027,214,22,0.330164571982917,9.17504418696316,709.105583919339,0.335178234610323,0.0151253620363564,2.55999999999767,8,0,0.690243757027396,19.3899510966901,1275.43692810742,1.47704379772898,0.0670684819089433,57.1209999999992
"3",10000,0.0125,0.8,2,40,1,0.242338934996311,15.2256779842769,0.885,0.9825,10,2486.23811630036,5194.88628891893,0.124469377953078,0.020600413818039,1,1.44000000000233,0.551459770281194,57,31,0.0737708054061417,13.010176994464,4780.4486132615,0.0766350372886982,0.0238750871521896,2.76900000000023,12,0,0.172149531590864,16.444940141445,5155.15631320433,0.168469404120985,0.0700567276402674,19.5350000000035
"4",10000,0.0125,0.8,2,40,10,0.377039517192313,8.95844377298356,0.9175,0.9075,10,340.957508679671,639.115829489472,0.343335340853993,0.0105735513044457,1,1.42699999999604,0.381952201132254,177,18,0.356437278019344,9.99222610615522,671.065823240177,0.429622683103355,0.0177031389785596,2.61800000000221,9,0,0.548004897568298,14.4813559000352,1009.20623515191,1.00154417899477,0.0418752705357551,58.0009999999893
"5",10000,0.0125,0.8,2,40,1,0.224041375001162,19.2552585333585,0.9275,0.9975,10,3977.21174027241,6939.51295990916,0.136053682502525,0.022135874715152,1,1.42900000000373,0.704246039736318,42,27,0.11800719357241,16.7290023920399,6885.32433825873,0.115485511496274,0.0272638820804564,2.80000000000291,15,0,0.226878660330927,25.2127971392984,7717.95926539217,0.234905729566844,0.0843054325288892,18.5350000000035
"6",10000,0.0125,0.8,2,40,10,0.391409790407939,10.8328771521695,0.9225,0.9425,10,435.610320188108,798.471082090477,0.353640041681483,0.0122999280357494,1,1.61500000000524,0.521427794846652,179,19,0.318058265531319,11.0040478991555,819.639128389664,0.350723017940295,0.0197338741950918,2.58599999999569,7,0,0.626002927147456,19.2507381687777,1262.55973702399,1.08198674378977,0.0679842721182262,57.8420000000042
"7",10000,0.0125,0.8,2,40,1,0.287804880309167,21.6413840731016,0.9525,0.9925,10,3148.55612676295,4797.3721646281,0.168774609005892,0.0255161059182288,1,1.50400000000081,0.644209125805516,61,27,0.10572028548398,15.8503208301077,4629.09769218047,0.112233030292044,0.0307814258873919,2.72999999999593,17,0,0.215212968791615,24.3443381053604,5228.63489257556,0.236218632360351,0.0882725242770419,18.4909999999945
"8",10000,0.0125,0.8,2,40,10,0.420685847239447,9.8154886479234,0.92,0.8875,10,456.453927864685,729.442482306629,0.407261796636037,0.0104042686803017,1,1.44099999999162,0.428582472997933,123,18,0.278728894711897,11.4953943378926,788.940072258681,0.491901154509978,0.0144551358633705,2.65700000000652,9,0,0.581512365594679,16.1208766316793,1127.92138540516,1.04097621233661,0.0432979081278587,56.4100000000035
"9",10000,0.0125,0.8,2,40,1,0.262631652346556,18.1660673901992,0.915,0.98,10,2467.55232498946,5228.91278838123,0.200280853039478,0.020504434802379,1,1.52899999999499,0.641104461609641,75,30,0.107744785436612,13.4589235285947,4878.14772710322,0.108300415538012,0.0289016081335849,3.28599999999278,15,0,0.206492543389903,17.2888340365034,5576.07999661686,0.193079737169598,0.0733110154233343,20.281999999992
"10",10000,0.0125,0.8,2,40,10,0.396467679754856,9.16976220928661,0.8425,0.8875,10,389.67592056111,959.220577238828,0.334102634412838,0.0113857326862664,1,1.42600000000675,0.418334494087209,209,21,0.307035051870577,10.2180594099645,972.885010144168,0.354261326470285,0.0179656347351239,2.69800000000396,6,0,0.498934400963189,16.5036754328927,1336.57136478465,0.856272003581525,0.04840476961322,57.9590000000026
"11",10000,0.0125,0.8,2,40,1,0.294230699665205,20.8891295369911,0.8875,0.9925,10,2895.09193558112,6528.2128818912,0.170564118086148,0.0268392080611301,1,1.5679999999993,0.572398464293139,55,25,0.0737132620540936,12.4941562369472,6010.76655383518,0.067797234827109,0.0325237178912501,2.90099999999802,15,0,0.17370167755987,19.9816263281831,6600.4747985903,0.165333645669475,0.0900698015284349,19.5589999999938
"12",10000,0.0125,0.8,2,40,10,0.426034803857154,9.46385309008325,0.89,0.8525,10,417.737265721293,853.05290467918,0.372762024361762,0.010203654629459,1,1.49799999999232,0.326717171836045,210,28,0.365329940058446,10.1809476077417,935.171591487488,0.423996761437817,0.0177562807126055,2.72100000000501,7,0,0.553445925426883,15.8739457996901,1195.77640009685,0.929037406115839,0.0474184876963164,59.3279999999941
"13",10000,0.0125,0.8,2,40,1,0.265423363344789,19.03742566467,0.91,0.9925,10,2719.31325279107,5398.4334019697,0.163810208878866,0.0206355708408307,1,1.52100000000792,0.631326181681241,56,28,0.0942235273370421,12.7995650455595,4987.94156248581,0.084392516986594,0.0218893689162598,3.49099999999453,14,0,0.195600617679079,21.9550488094712,5596.83284970317,0.227108610873815,0.0721535690935741,21.747000000003
"14",10000,0.0125,0.8,2,40,10,0.395226524460569,8.84066350148579,0.8775,0.9175,10,316.487837129215,756.478865133281,0.332822772347567,0.0109604184333284,1,1.58099999999104,0.384741366287025,188,28,0.297429841827133,10.1815724212728,817.160507185004,0.405691805261134,0.016172228857926,2.7039999999979,7,0,0.492476218566899,13.4566803017872,1002.55436247291,0.762653828928416,0.0437973938995572,61.580999999991
"15",10000,0.0125,0.8,2,40,1,0.26068715805239,16.1446158623907,0.895,0.985,10,3005.25114884268,6078.81557961054,0.134334280614844,0.0224585471936963,1,1.44199999999546,0.517060717354535,58,33,0.061535424257549,11.6844013146941,5644.91426485864,0.0635565182886562,0.0282376479773738,2.77199999999721,12,0,0.160019263354028,20.4264739824954,6478.75199629238,0.178738751648975,0.0831605670442491,21.070000000007
"16",10000,0.0125,0.8,2,40,10,0.369607686600701,11.4812427235595,0.9,0.835,10,552.792835372256,1015.07542808878,0.411196701668844,0.0123049956848433,1,1.45100000000093,0.324584158655815,160,21,0.299541546934627,10.9457344320422,946.310101130448,0.361241788169351,0.018735661918956,2.78100000000268,7,0,0.522238492774758,17.7559952653992,1288.9419239566,0.923562586382205,0.0571240076429581,57.8340000000026
"17",10000,0.0125,0.8,2,40,1,0.284265348185152,20.2563846597961,0.92,0.985,10,2731.72987792539,5350.37421545112,0.189405120070059,0.0232712399735483,1,1.46199999999953,0.648368579342419,58,31,0.117998125888724,17.0022746427142,5013.17769684655,0.124668116936411,0.027612587609735,2.69599999999627,12,0,0.215033315446075,23.1659768002987,5625.66997741468,0.266064513486596,0.0764583731034364,19.5500000000029
"18",10000,0.0125,0.8,2,40,10,0.45952231179362,9.96423469507134,0.8325,0.84,10,304.676481295698,805.144924089894,0.472692073814335,0.0105032991537064,1,1.44999999999709,0.38562290319806,168,19,0.3873183121437,11.6692652948949,832.489054661169,0.596345003113582,0.0154967728091655,2.67799999999988,7,0,0.63100497619329,14.1540711819572,1076.14356834795,1.08054532083208,0.0419647563766051,59.3029999999999
"19",10000,0.0125,0.8,2,40,1,0.249050762599781,15.7308947772518,0.93,0.9975,10,3061.22873927306,5622.99978882585,0.121728770431769,0.0255593331147803,1,1.46600000000035,0.643186700465059,40,23,0.113450766908369,15.9819385647235,5623.10504354575,0.116094601886307,0.0306108023084906,2.80199999999604,16,0,0.229238652585526,23.4422981601003,6063.15136910384,0.223909754512815,0.082011872929518,18.9340000000084
"20",10000,0.0125,0.8,2,40,10,0.435293849645493,9.90574181996506,0.8975,0.9375,10,379.004138107259,832.969736338493,0.37900947027373,0.0112246487888102,1,1.40600000000268,0.497615140813358,257,15,0.549133871955954,11.0572336312131,901.62635580042,0.499328343118054,0.0212637229583047,2.83099999999104,9,0,0.749623980182589,16.2890698338089,1291.51681602308,1.12852807648899,0.0562523241650824,57.2099999999919
"21",10000,0.0125,0.8,2,40,1,0.293883616704064,21.0763416005344,0.895,0.9925,10,2896.45705791343,5567.6154117964,0.164288532368051,0.0277730450317638,1,1.50999999999476,0.588148070118643,57,25,0.113408100127255,16.8340628213777,5326.94792733203,0.111443302169591,0.043353886825465,2.63899999999558,16,0,0.200357822620165,21.953544235576,5903.10638095635,0.200217904077834,0.0937216111391845,18.5310000000027
"22",10000,0.0125,0.8,2,40,10,0.465902801589241,9.76294556360092,0.8725,0.8775,10,389.909769911325,902.383611500739,0.383490046506854,0.0122203452785318,1,1.48500000000058,0.377209483545117,172,14,0.357654752861518,10.2511148296108,858.069538867514,0.403652339849716,0.0192146516345325,2.57399999999325,7,0,0.633961270385536,16.826150194697,1269.98071357766,1.05009073727341,0.0543565407714181,57.1009999999951
"23",10000,0.0125,0.8,2,40,1,0.3003769237248,23.3969216724589,0.91,0.995,10,3519.40882218643,6599.79508900422,0.186543616301977,0.0319037924517547,1,1.4429999999993,0.667941393893392,110,23,0.173944807456115,19.2882124058883,6394.33900046442,0.156538161943784,0.0503866665136416,2.8640000000014,12,0,0.201004090931544,22.8327586439135,6762.58394017746,0.209368689537424,0.0999766904199467,19.7009999999864
"24",10000,0.0125,0.8,2,40,10,0.447150907813877,11.2795598306177,0.8825,0.8675,10,413.634303558354,878.444017001676,0.423109763993174,0.0107243752531617,1,1.44700000000012,0.41405996238548,141,19,0.344187619012352,10.8980228955755,832.451063812591,0.464990480944286,0.0170411007489078,2.67299999999523,8,0,0.512224794952294,14.5347906624026,993.529007857056,0.820484958856577,0.0403232306112126,56.9840000000113
"25",10000,0.0125,0.8,2,40,1,0.290807464001359,20.169356946664,0.91,0.99,10,3178.08659033715,6106.73037271495,0.186397630254863,0.0264078283501938,1,1.46499999999651,0.697046164251612,53,20,0.120448014179352,15.30053393975,5790.75999574849,0.116766640189842,0.0302993116178811,2.5969999999943,14,0,0.24466888338809,23.7549531501671,6432.27038269796,0.250244935013027,0.078514359078445,18.9410000000062
"26",10000,0.0125,0.8,2,40,10,0.340164203030496,8.76666012350952,0.905,0.94,10,350.413729421441,681.380320217925,0.292916206019791,0.00984065644214783,1,1.45500000000175,0.393850396532277,301,18,0.539933529720473,11.6398170450303,789.350853686303,0.487224631443457,0.0201387444501061,2.59199999998964,6,0,0.522084784845999,16.9269295118618,1146.36657025905,1.02753601387953,0.0404800594135665,63.8969999999972
"27",10000,0.0125,0.8,2,40,1,0.288631607076273,21.533157778781,0.93,0.975,10,2969.47507192103,5537.52371836588,0.170592666622726,0.0239395764603616,1,1.91899999999441,0.591391695545491,62,27,0.102664604310259,16.1340225206041,5288.48064228643,0.100112211360691,0.0332322770474703,4.39099999998871,18,0,0.184985708731244,22.5273083196754,5820.88209071878,0.200142830889932,0.0862825441825629,28.1900000000023
"28",10000,0.0125,0.8,2,40,10,0.404528002844857,10.4518988918561,0.8325,0.8075,10,393.455222712881,937.855672032535,0.370113092461388,0.0107637460829151,1,1.97399999998743,0.300781878082859,229,18,0.369817294188599,11.3197453975223,933.339441835226,0.424316373255676,0.0191964725407722,4.6140000000014,7,0,0.490660302129189,17.5758719139899,1312.25525150526,1.04800962956516,0.0513934466702667,72.1150000000052
"29",10000,0.0125,0.8,2,40,1,0.260581324039761,18.8656700470167,0.94,0.9975,10,2862.28221406107,4753.49340495546,0.15266263072967,0.0223425989547434,1,1.40200000000186,0.67051459909193,53,28,0.0757975271901476,14.5557903153261,4370.27806605312,0.106152950244324,0.0295262841600976,2.66100000000733,17,0,0.194593927826452,24.3854734132305,5090.80448586268,0.272557463379462,0.0849268943790527,17.8690000000061
"30",10000,0.0125,0.8,2,40,10,0.404420133693638,8.66061983893301,0.87,0.9075,10,289.926291426789,647.397056548282,0.295362273537841,0.0103280260462617,1,1.4030000000057,0.390504521048364,180,22,0.332190612962637,10.7165071129877,709.287942895491,0.378074881668855,0.0158403947989164,2.62199999998847,7,0,0.535829981077213,14.4995355501216,943.638065791514,0.908286852003953,0.0391588910786606,57.4289999999892
"31",10000,0.0125,0.8,2,40,1,0.269595540074364,19.6211943304187,0.9075,0.9775,10,3223.17408573748,6183.5623441579,0.181031631210012,0.0233743200549406,1,1.48600000000442,0.619847381810478,49,28,0.0950843098041137,14.1258947989026,5696.23148484663,0.0930088249014604,0.0253942355885319,2.7609999999986,13,0,0.176723436878834,21.2703851575198,6467.06472286813,0.206651113341309,0.0799883657070686,19.9250000000029
"32",10000,0.0125,0.8,2,40,10,0.347465554269064,9.72119714269061,0.8975,0.8175,10,341.45597501231,682.994763161843,0.367300046139194,0.0101305421903681,1,1.54200000000128,0.282738986325945,227,23,0.352174693572851,9.58947256780626,736.281529798274,0.442241881871155,0.0163586433561815,2.67699999999604,7,0,0.509954364600599,15.1622875694947,964.185801166252,0.86021040892476,0.0388599130458692,58.3729999999923
"33",10000,0.0125,0.8,2,40,1,0.268135275388702,17.0573049784071,0.9225,0.9975,10,3563.01160589397,6461.68735897964,0.150294507506397,0.023228805587977,1,1.46700000000419,0.687184643455937,52,27,0.0863392187212579,14.9488008741489,6225.03391541206,0.0906391587936521,0.024987911916616,2.66099999999278,13,0,0.185323749584588,24.5605070355491,6953.30184301701,0.261332193446146,0.0825597761346062,20.0580000000045
"34",10000,0.0125,0.8,2,40,10,0.386880660745089,10.3386224559644,0.8825,0.91,10,403.20448206876,866.160651215212,0.406210929340056,0.0120794332440215,1,1.56100000000151,0.477739372015101,172,16,0.324333881912579,11.8735485942151,903.315072764298,0.488851285957497,0.017965598198626,2.77300000000105,9,0,0.53202683520792,15.3333299999877,1176.23382298067,0.894180800084168,0.0375718472002325,57.775999999998
"35",10000,0.0125,0.8,2,40,1,0.286654027421335,17.3034578082759,0.86,0.9925,10,2365.77606065608,5490.56282512365,0.156855051305273,0.0218579001968051,1,1.48500000000058,0.61520213032136,110,25,0.138047464407331,14.5566459297164,5179.21878320183,0.114987101956608,0.0356253182050198,2.54799999999523,14,0,0.170662147674969,19.7049344152022,5317.98319263109,0.189436133272695,0.074878447424554,18.5160000000033
"36",10000,0.0125,0.8,2,40,10,0.464401756922141,11.3254421269532,0.8975,0.8075,10,359.949192762882,736.442459998819,0.453094774394848,0.0103604073905134,1,1.40799999999581,0.35014949638332,157,16,0.286966014758998,10.3780549471673,763.677561937923,0.460165360263732,0.0163939268759006,2.59900000000198,8,0,0.501587708645884,14.7217997923591,1072.85787536026,1.05137958251934,0.0413149088360297,56.7880000000005
"37",10000,0.0125,0.8,2,40,1,0.238857371129656,17.8413468373411,0.89,0.98,10,2510.12881413822,5725.40103783104,0.152499054959482,0.0203046369838879,1,1.43700000000536,0.599349718637467,43,24,0.0938558576881531,13.8102580490198,5440.07359235179,0.0863390227074638,0.0272906026424681,2.71499999999651,17,0,0.182749323750702,20.8211075562509,5618.88966240837,0.186869040234485,0.0820157099449518,17.5430000000051
"38",10000,0.0125,0.8,2,40,10,0.418153023702036,11.0238249331583,0.875,0.83,10,366.057458818073,866.747575558865,0.46384562625045,0.0116132022337801,1,1.45699999999488,0.421903926370345,187,16,0.320065533544787,11.6122550600895,888.064696268736,0.467537411569776,0.0182640889309675,2.60000000000582,6,0,0.511864430598028,15.9086860814651,1185.14767122915,1.05177147400672,0.049800224793886,57.2010000000009
"39",10000,0.0125,0.8,2,40,1,0.294340255342695,21.5286389227795,0.9275,0.99,10,3592.7099188927,6435.54523144489,0.178051085436238,0.0260060157472094,1,1.52400000000489,0.6290399989999,35,17,0.106338170065197,14.3385290192731,6382.90148017887,0.103779229258706,0.0359547410709237,2.81200000000536,17,0,0.216294376756117,21.4513992104846,6937.38818093592,0.186890701564657,0.0911544679133051,18.9349999999977
"40",10000,0.0125,0.8,2,40,10,0.433893990333829,10.0567447122588,0.895,0.885,10,396.163117042674,803.353975517152,0.425878175505916,0.00991604696827264,1,1.4829999999929,0.38948831961289,202,23,0.316969123996449,9.79066905733821,767.423979663663,0.394199474238412,0.0154461531382527,2.98399999999674,8,0,0.553671560122894,16.9873533255124,1101.75283272639,1.08231768556834,0.0493511746463248,57.7279999999882
"41",10000,0.0125,0.8,2,40,1,0.262342900672773,15.7318806960079,0.925,0.9875,10,2523.89722956128,4559.58793674717,0.129982961723018,0.0236924519255232,1,1.41899999999441,0.561470572981014,46,22,0.0902232481117986,14.6985736130085,4491.27766432411,0.0969854591984889,0.0339888276234502,2.70799999999872,14,0,0.186359621354625,23.7843250488163,5123.86719618374,0.21259510820907,0.0792109679753753,18.6469999999972
"42",10000,0.0125,0.8,2,40,10,0.477377185717042,11.8547514680502,0.855,0.765,10,408.656096969668,854.827775039366,0.558363616938585,0.0101343977082433,1,1.40499999999884,0.334895484516751,151,15,0.263384298073951,10.9399582426312,746.418298146076,0.417839716126518,0.0163023614864925,2.6140000000014,7,0,0.540902600519585,15.8878447934874,990.821321987544,0.906076916833112,0.0476191938105647,57.0749999999971
"43",10000,0.0125,0.8,2,40,1,0.256893852346932,17.8741552079357,0.9125,0.9975,10,3188.87662737213,6647.20621925946,0.129566320934143,0.0270397151201749,1,1.42499999998836,0.614351988793728,44,20,0.113720462947578,15.8458324818054,6585.06940976977,0.117699190215313,0.0362590930800898,2.68899999999849,18,0,0.214781331060307,24.4647497880521,7315.79467417744,0.240752022665826,0.0939950102510754,18.5309999999881
"44",10000,0.0125,0.8,2,40,10,0.380516365601683,10.476060409018,0.91,0.94,10,447.613289943546,906.77823370575,0.361046977131824,0.0106644595865238,1,1.45799999999872,0.485480185768847,140,27,0.260183258387513,9.64561173286902,875.942699069465,0.36427915354644,0.014610971922945,2.68999999998778,8,0,0.578782557045755,16.4629710749178,1145.59979207526,0.899951415940873,0.0505658622541629,57.028999999995
"45",10000,0.0125,0.8,2,40,1,0.334226732510934,19.7961179814646,0.85,0.95,10,2107.3104384509,6469.5855972487,0.187652363584079,0.0235928807506677,1,1.46300000000338,0.534469320872704,75,28,0.104562183150043,16.0399772803854,5824.89304688206,0.104859667209119,0.0327921403312816,2.73499999998603,14,0,0.205835353028109,25.363433584089,6363.86101323683,0.233930017030782,0.0843409778094679,19.4459999999963
"46",10000,0.0125,0.8,2,40,10,0.463257324673122,10.0538201178471,0.9,0.9225,10,407.846390101846,766.099354592085,0.356677666882301,0.0109303438025901,1,1.39800000000105,0.341035014026522,136,16,0.295039792718196,9.8066128060039,806.072318735955,0.363859165957687,0.017093617510928,2.55100000000675,8,0,0.770941382000078,17.7422940673404,1334.26057294164,1.28208284143995,0.0640127187074901,56.2300000000105
"47",10000,0.0125,0.8,2,40,1,0.291691407894659,22.5996694337912,0.8425,0.975,10,2123.02295338004,5908.32710909888,0.18041014520258,0.0221314569420245,1,1.41799999999057,0.526682293046304,63,25,0.102305687375808,13.5643158126867,5459.94128433751,0.0938314199047906,0.0288538150198777,2.73500000000058,14,0,0.179481625318481,21.4077091842152,5950.2589783192,0.205532749684645,0.075567768008402,18.8169999999955
"48",10000,0.0125,0.8,2,40,10,0.420697118366497,11.4116459680587,0.835,0.845,10,494.539929923018,1243.30308770069,0.377441298049511,0.0137367171148982,1,1.45799999999872,0.352204005214155,154,13,0.347755970387564,13.2248016876294,1299.01338314868,0.441299619497222,0.0201197810319683,2.6759999999922,7,0,0.681549089055251,19.8293528513035,1830.78196403623,1.19458609855893,0.0757207495452268,70.6880000000092
"49",10000,0.0125,0.8,2,40,1,0.283291340907227,18.2385798213704,0.9125,0.99,10,2670.031897393,5417.22926510453,0.183858055447492,0.0223629031290775,1,2.13300000000163,0.625948316720104,64,28,0.0787441674588573,13.1205910704892,4957.45667944517,0.0852673312295334,0.0260382789188607,4.46299999998882,13,0,0.176427664630077,18.9834715046615,5485.53239519398,0.209922370705857,0.0755018823983889,28.1080000000075
"50",10000,0.0125,0.8,2,40,10,0.293413591983483,10.6222171150419,0.89,0.8775,10,395.633640676355,819.735712157269,0.400553280482506,0.00966610540249,1,2.01499999999942,0.474794409871268,108,16,0.340395031579417,12.9527364430909,910.431417788113,0.549253009805765,0.0135906679117475,4.4600000000064,11,1,0.533521122700938,17.3631679552252,1190.4121948105,1.05211507755327,0.0383716580755304,77.4360000000015
"51",10000,0.0125,0.8,2,40,1,0.274351835820926,18.44082519434,0.925,1,10,2909.63406833561,5531.63955880489,0.14938051602311,0.0257779753593051,1,2.43300000000454,0.678280675749668,56,26,0.118091491280325,15.0558739601017,5470.85443201789,0.115638516088715,0.0278683940502019,4.50700000001234,13,0,0.250684873450507,23.1344222327178,6155.96967023241,0.250470909076265,0.0768807094874759,29.1959999999963
"52",10000,0.0125,0.8,2,40,10,0.462365596510888,11.304067748134,0.9025,0.8825,10,572.601676481222,1016.47629432203,0.429501030307046,0.0109256529715419,1,1.90700000000652,0.409347635363081,135,16,0.31948304011555,10.7722707974914,976.24816573703,0.375544202210952,0.0169458892131024,3.97699999999895,8,0,0.681656268080668,19.8023740173158,1581.12275657326,1.25354237475507,0.0760919340393348,74.5240000000049
"53",10000,0.0125,0.8,2,40,1,0.300933206085667,19.4103016361799,0.93,0.9975,10,3638.44817422849,6624.32724489824,0.14292680848824,0.0286591257110597,1,1.93399999999383,0.603664646282233,48,26,0.0823340361912321,14.2201930087649,6132.40371025972,0.0780021967630279,0.0387076688445765,4.15899999999965,14,0,0.199758861225406,21.7228120662484,6712.35886789591,0.203338490216581,0.104529027215047,25.1429999999964
"54",10000,0.0125,0.8,2,40,10,0.458623634719877,10.2090219710194,0.9025,0.9025,10,466.107396695698,931.628554608817,0.35117971032201,0.0115455868826092,1,6.49699999998847,0.396996905857155,290,12,0.563403706622792,11.8482687559341,974.38752232356,0.459886446061358,0.0241140757427274,7.03599999999278,7,0,0.520477416882038,14.4080334093163,1073.70954424656,0.742303274591124,0.038419164716482,63.3640000000014
"55",10000,0.0125,0.8,2,40,1,0.343877944278175,24.8815496114381,0.8925,0.9825,10,2887.10882323769,6177.45905672375,0.202764055257991,0.0279499934774775,1,1.89699999999721,0.537255192596102,51,27,0.0946000472226201,13.7396398795626,5728.84118124991,0.0888542327245944,0.0370037613856568,2.64600000000792,16,0,0.220441994933761,24.8996579053083,6548.72418239927,0.224653034903161,0.096862608978742,18.6049999999959
"56",10000,0.0125,0.8,2,40,10,0.321374028874057,9.15652381196757,0.92,0.9675,10,451.833444427938,936.766264997658,0.288508443135627,0.0108980711816636,1,1.46899999999732,0.631153804954785,187,21,0.341252746589708,11.7906943622723,1072.64292003092,0.44306817178942,0.0180551856338881,2.48799999999756,7,0,0.576659704228091,18.2324693206077,1465.27442050404,1.00463791963123,0.0486608807661173,64.3740000000107
"57",10000,0.0125,0.8,2,40,1,0.243940022755301,17.2954607563415,0.9425,0.9875,10,2454.25820397094,4393.290093293,0.143477453617361,0.020282168331618,1,1.52300000000105,0.625640824198281,155,29,0.191480298989215,17.7635451734444,4454.06390875929,0.159519101806415,0.0439056987613795,9.06299999999464,15,0,0.209496167663299,20.5917577350114,4604.99315866734,0.200285547557964,0.0732036328692948,19.5650000000023
"58",10000,0.0125,0.8,2,40,10,0.33410459645815,9.55047871373267,0.9,0.885,10,398.292423663529,805.174552786942,0.358975088942264,0.0110193960147378,1,1.4890000000014,0.377405288446201,205,18,0.352824948668552,10.3691773080058,853.101781529661,0.477539015000436,0.019222779327118,2.50300000001153,7,0,0.480781115767731,13.5057912611564,1031.44313324351,0.683136047373743,0.0383740199844326,64.68299999999
"59",10000,0.0125,0.8,2,40,1,0.258772345095149,16.8904157410504,0.94,0.9975,10,3222.95123080268,5073.79333165074,0.128131583116928,0.025866116377367,1,1.4210000000021,0.635190003626296,50,25,0.106976370212157,15.3962974739559,5256.72078986302,0.109343630332532,0.0339875744200044,2.67299999999523,18,0,0.214241643013161,23.1800745127917,6215.56362962656,0.237698111773933,0.0893754647986979,24.6109999999899
"60",10000,0.0125,0.8,2,40,10,0.431404357467996,10.5857050528799,0.8575,0.825,10,494.233126902468,1073.90702719516,0.342135931815906,0.012581116274654,1,1.58599999999569,0.263558213922356,228,25,0.407641820387938,12.9801828847936,1169.12735658411,0.410923387279764,0.0236746434018287,2.67699999999604,6,0,0.446156171051067,16.3319092833439,1371.34529791591,0.735389692398272,0.0486320533675305,62.0520000000106
"61",10000,0.0125,0.8,2,40,1,0.313627433087702,19.0971457638935,0.925,1,10,3027.44885910435,5799.82280832721,0.160945271691709,0.0288280199579569,1,1.63800000000629,0.660121518682095,35,25,0.127087470246906,15.8537948469643,5706.93637229698,0.111759461080767,0.0327383183476757,2.55400000000373,18,0,0.241452264142544,21.1847843810301,6309.10769075245,0.228160697138468,0.0824570534027606,18.7779999999912
"62",10000,0.0125,0.8,2,40,10,0.399257653948032,9.25322182224645,0.8975,0.92,10,421.171151887053,812.295401443355,0.340921774119842,0.010921073192566,1,1.54099999999744,0.439757064289609,165,22,0.319791787053678,11.833627422151,850.378989774087,0.462439946113961,0.0173667687928602,2.54300000000512,7,0,0.678231157970813,19.0473117594447,1407.11372474514,1.3118523171881,0.0705073344014226,68.2519999999931
"63",10000,0.0125,0.8,2,40,1,0.290217354792386,19.8319734983013,0.8925,0.985,10,2913.56990286635,6245.64177250837,0.166274514319308,0.023411271256525,1,1.75200000000768,0.643104727253203,60,21,0.092865669722112,14.9917380115597,5818.39982946336,0.0985028186635319,0.0284261292410757,2.69199999999546,14,0,0.188707043930909,21.2792040817501,6258.66188594034,0.209416482954988,0.0824161683756814,19.247000000003
"64",10000,0.0125,0.8,2,40,10,0.517570050325046,9.98699705711726,0.8475,0.7625,10,344.804865934627,767.983063852159,0.526719610913326,0.010026771756184,1,1.4369999999908,0.32149221861245,260,22,0.452350970683417,10.690634570495,750.391833756569,0.496792116519979,0.0178262314426938,2.59500000000116,8,0,0.611106859204979,14.6509540577995,1016.39909347618,0.957536871163874,0.0428911045781385,63.6579999999958
"65",10000,0.0125,0.8,2,40,1,0.238583284133138,16.2696219083356,0.935,0.9925,10,3085.55554733029,5251.14574625323,0.14561905616511,0.0242741186779412,1,1.43700000000536,0.668599595746624,52,23,0.0852792080789241,14.3880071834999,5012.16692005488,0.0937749381835459,0.0288312844698624,2.75400000000081,14,0,0.180946933860269,23.1696360577659,5739.29417599435,0.228784255729845,0.0853394227301052,23.5390000000043
"66",10000,0.0125,0.8,2,40,10,0.403935156579431,10.4542407991242,0.87,0.86,10,557.736936241883,1117.20482121924,0.331671469348039,0.0123405670207021,1,1.54499999999825,0.35938831795116,157,17,0.295227444323437,11.5693216789651,1120.42751731123,0.374985315788889,0.0193039680328972,3.20100000000093,8,0,0.648247953160156,21.6342346808311,1887.85806298682,1.28673504257371,0.0876586901701107,64.0380000000005
"67",10000,0.0125,0.8,2,40,1,0.243111624332696,15.3882284863918,0.92,0.9975,10,2445.97338443492,4296.14753750794,0.134168222895983,0.0177267695061224,1,1.47099999999045,0.673934022674791,42,22,0.108216707587883,14.6005651117844,4466.81864423754,0.14099996389675,0.0245782308737133,2.66700000000128,16,0,0.216445220718493,17.7980963041458,4740.85696830366,0.234922031834801,0.0638895040448836,18.3009999999922
"68",10000,0.0125,0.8,2,40,10,0.533631987688599,11.4435601192621,0.8325,0.7825,10,364.457358098535,894.88389292016,0.442322528246687,0.011841546638725,1,1.44000000000233,0.256465686767854,211,24,0.397224509649364,10.7747545818988,895.397326978426,0.452567437802125,0.0180618144166186,2.66599999999744,6,1,0.599520504936658,19.1063761353052,1266.43781370297,1.17133624178914,0.0516524274966001,68.8139999999985
"69",10000,0.0125,0.8,2,40,1,0.265539566091041,16.2150896886907,0.8925,0.9975,10,2883.08318712687,6097.40744678016,0.130616006746329,0.0222634221291968,1,1.52100000000792,0.592409806074905,47,28,0.0891926957949255,13.4014735199497,5836.81872012334,0.0884483573775567,0.0268805513363118,2.85399999999208,14,0,0.178126618731337,19.1153354392908,6426.34358226838,0.19320150438386,0.0769450437946095,21.3600000000006
"70",10000,0.0125,0.8,2,40,10,0.398195753201494,10.4684369943689,0.8575,0.8025,10,376.845915718482,816.695516486689,0.360497148341101,0.00957116560369962,1,1.41599999999744,0.303191823449174,174,20,0.308037701403409,9.17460616744684,790.143727508259,0.325073403605698,0.0140076709409918,2.70500000000175,7,0,0.506776863229598,14.1604743767974,1113.558072981,0.867352500245108,0.0437393434192708,65.6579999999958
"71",10000,0.0125,0.8,2,40,1,0.274525954225757,21.6982917696363,0.945,0.995,10,4295.50563662355,6844.66468318643,0.152211623269345,0.0318051002928375,1,1.43600000000151,0.62720328392118,38,25,0.0949000807038821,16.9096186617597,6879.88335392533,0.0932586137205816,0.0362966216009941,2.71899999999732,17,0,0.210032894442896,26.4613688248563,8032.72146698389,0.246732548645005,0.114458807043662,24.8799999999901
"72",10000,0.0125,0.8,2,40,10,0.452623121382835,11.0963733755465,0.8975,0.8175,10,394.822446078085,687.984091690485,0.415869812584002,0.0102121827890225,1,1.51900000000023,0.298022609147496,163,22,0.303175761078914,9.91087876090528,694.515620056756,0.420323369667575,0.0149387354833036,3.47099999999045,7,0,0.524713301759279,14.3327825273613,888.897860855285,0.933637311328053,0.0389979515202454,65.2039999999979
"73",10000,0.0125,0.8,2,40,1,0.31117840079765,18.5130790000915,0.9,0.97,10,2497.73613089913,5418.72466434571,0.193778745672506,0.0251848667131044,1,1.50599999999395,0.614041115052337,51,24,0.10332612438858,16.4391871434366,4952.83601951326,0.123828671458139,0.0372042307990602,2.56399999999849,13,0,0.219381345710619,22.1515121805496,5761.58103277717,0.25337307415783,0.0858184013106117,25.4229999999952
"74",10000,0.0125,0.8,2,40,10,0.460007840053816,8.92071812922305,0.915,0.9575,10,358.414942972376,773.175826600765,0.348941815274129,0.0104845592321053,1,1.49400000000605,0.546586543324693,163,15,0.350510943471536,9.92714223729868,808.976052362823,0.423877925340569,0.0153954072287335,2.64900000000489,10,0,0.609337897487347,15.621539509534,1126.35970325536,1.03055209472801,0.0428551816169715,63.7560000000085
"75",10000,0.0125,0.8,2,40,1,0.324683822915086,19.2364373899071,0.8975,0.98,10,2711.31831664792,6060.60641531479,0.204045586072191,0.025949858237622,1,2.12300000000687,0.616658398525251,55,23,0.115355111885451,14.1040127062695,5371.29777606566,0.101374141442253,0.0351814452024743,3.04899999999907,17,0,0.21733738736941,22.0810230065531,6087.57168129455,0.229002870757399,0.0853880254254796,19.1520000000019
"76",10000,0.0125,0.8,2,40,10,0.46397149762647,10.5111957814144,0.8725,0.825,10,384.255330231527,804.959746505792,0.426878612548838,0.0111085618633883,1,1.51300000000629,0.319844344837693,184,26,0.331455298624126,10.6295268400316,872.104675200083,0.482740610671932,0.0159823739701493,2.58899999999267,7,0,0.61170760006183,15.0422913412559,1204.23946713521,1.01562898627848,0.0527014382163805,72.2560000000085
"77",10000,0.0125,0.8,2,40,1,0.284167429738414,19.6778837017029,0.9125,0.9875,10,2496.54336966652,5517.53633345519,0.174970945444648,0.0224094125707515,1,1.52099999999336,0.577702980734192,46,24,0.0818570382340298,13.759760637306,5000.75213355978,0.0863282134273435,0.0252433043234184,5.83599999999569,14,0,0.179805864518526,20.8486306652563,5671.26733149804,0.203924636141801,0.0813162435786384,20.0219999999972
"78",10000,0.0125,0.8,2,40,10,0.443657337367627,8.91513017817964,0.885,0.895,10,366.104417738466,745.122121095616,0.364413961972495,0.00839702179167466,1,1.49099999999453,0.376330694521646,142,24,0.309499422438829,10.0030544058038,729.287928884134,0.384372322699048,0.0114372925761205,2.51599999998871,9,1,0.552546034163371,13.8986886512943,1019.2560410953,0.883723455645138,0.0313597923289673,64.6100000000006
"79",10000,0.0125,0.8,2,40,1,0.267300400275599,20.3589871573779,0.8825,0.99,10,2852.73568289854,6396.52467148435,0.139629118123245,0.0225106901727579,1,1.41700000000128,0.550859366080042,95,27,0.101970418071829,15.7875850684786,6407.00527655302,0.100787212454884,0.0371870224174948,2.72999999999593,13,0,0.184759718426816,23.3004380432855,7230.53839517521,0.216994215258105,0.0884725336695317,24.1839999999938
"80",10000,0.0125,0.8,2,40,10,0.395858885979317,11.0851115489383,0.8725,0.775,10,491.081363548817,1071.70024270154,0.374386429575085,0.0117999032641781,1,1.46099999999569,0.293369731609462,159,18,0.269517744000429,11.200142293799,1090.42881478492,0.383470727207998,0.0188209103524046,3.32300000000396,8,0,0.532787177088403,15.9984372172107,1564.85082478282,0.905274020387282,0.0553056946327576,66.8410000000003
"81",10000,0.0125,0.8,2,40,1,0.233658116848927,18.4475053171457,0.9025,0.9875,10,2448.29146422906,5245.97147448767,0.142370508683237,0.0209206007745981,1,1.41500000000815,0.537339137826882,55,26,0.0976132220268678,15.560928019724,4901.45026357268,0.099165512177735,0.0259163141936201,2.6759999999922,15,0,0.209234833917578,23.8076462312564,5458.0882268556,0.2344878885631,0.0835560262622333,25.1600000000035
"82",10000,0.0125,0.8,2,40,10,0.378429969737999,8.5231823823305,0.925,0.9475,10,349.295155311978,675.907128479767,0.359027552408404,0.00954201734522162,1,1.43600000000151,0.540510999234377,144,17,0.299373542285983,9.51665063019515,685.110077831889,0.379957454909667,0.0135976248785382,2.61299999999756,10,0,0.546846192436093,13.8788859103703,937.23657252783,0.800860996705059,0.0340135557303371,67.2029999999941
"83",10000,0.0125,0.8,2,40,1,0.310449622247845,20.0997046503435,0.8575,0.9775,10,2088.40001455501,5255.04567445066,0.211620091884266,0.0193054551211071,1,1.57000000000698,0.581884795659623,57,33,0.100041989974289,13.2203229714436,4886.95873318122,0.107319781476098,0.024420810544266,2.82999999998719,13,0,0.203017994829451,19.5733687015482,5215.62781068222,0.242739113686687,0.0732384467828001,18.5860000000102
"84",10000,0.0125,0.8,2,40,10,0.293001308070249,7.60338020500913,0.8825,0.81,10,366.445045747434,659.400452504674,0.263641101806412,0.00877298504704914,1,1.45799999999872,0.219709967396359,386,25,0.66605185946434,11.3222887956485,789.98792944171,0.538902958699061,0.0224416112483667,2.67399999999907,13,0,0.5410741379875,15.7849281133146,1004.09055559601,1.04865423915212,0.0469126081962458,71.5420000000013
"85",10000,0.0125,0.8,2,40,1,0.263208597152231,18.8238332793979,0.8725,0.985,10,3024.67684611515,7307.52131404862,0.138567196083931,0.0254624234075417,1,1.58000000000175,0.511914476464431,45,21,0.0780107998506884,14.9012977353721,6809.4194506483,0.0808876088135524,0.0377742916974359,2.52799999999115,15,0,0.17098661707157,26.4133646101313,8008.3131916357,0.223866809950332,0.104295636317843,19.7779999999912
"86",10000,0.0125,0.8,2,40,10,0.456986507775402,9.4027028748787,0.9075,0.79,10,319.239042854007,583.762101073199,0.39654204772087,0.00936301252522505,1,1.40000000000873,0.272131202283696,204,17,0.364736539306359,10.7483615361525,603.055348479782,0.446265533986873,0.01693255721141,2.58900000000722,7,0,0.596426413521451,15.6207779823106,866.697946193993,1.04282216232805,0.0462544987034794,66.5779999999941
"87",10000,0.0125,0.8,2,40,1,0.313806413957461,19.9074664565597,0.9425,0.995,10,2990.51920524523,4768.77004924996,0.167335456919039,0.027573397754015,1,1.40799999999581,0.698097749818655,56,28,0.118021623687623,15.3354081541684,4784.86529481982,0.115042557480364,0.0361333526544314,9.29099999999744,13,0,0.239836616974762,24.0451135740462,5746.6782179018,0.27421562949643,0.0954042615758399,21.2160000000003
"88",10000,0.0125,0.8,2,40,10,0.419679991075357,10.3706203635953,0.88,0.8675,10,338.665574412294,719.2321234957,0.399168835703007,0.00985444711735755,1,1.81399999999849,0.363097756326982,164,22,0.263347103042674,9.61725179694477,660.742695684139,0.363105539970252,0.0143162601604367,2.72200000000885,7,0,0.715273250443711,15.9323858657914,1154.26644393461,1.34030227099103,0.062905517772276,65.4780000000028
"89",10000,0.0125,0.8,2,40,1,0.256111827687425,18.4179683580546,0.8625,0.975,10,2350.43518868686,5543.82875551944,0.145437259867299,0.0190677149463178,1,1.45400000001246,0.49305858391218,68,33,0.0766998449960159,13.6434056698503,5197.19266187831,0.0729079199299509,0.0302357255022761,2.60300000000279,12,0,0.169725371671427,22.3513416405833,5858.96899789157,0.200292446998004,0.0800580148708637,26.7679999999964
"90",10000,0.0125,0.8,2,40,10,0.450730248861879,10.3062221275185,0.9,0.925,10,377.634508714482,754.835011207279,0.368946260940392,0.011989325534558,1,1.43199999998615,0.407823721883915,225,20,0.370632090760603,11.0326360485625,776.300905191979,0.417359001341159,0.0197246476909942,3.68700000000536,6,0,0.854944327824055,25.3769600618571,1766.7229530929,2.2193820981672,0.101876179144068,66.6830000000045
"91",10000,0.0125,0.8,2,40,1,0.34630261507788,24.1915556775317,0.8775,0.97,10,3536.1676482504,7481.39585627716,0.216553947012351,0.0316413700525183,1,1.43799999999464,0.558845795059922,69,27,0.0855127917786025,16.7156613151235,6892.3037249433,0.0944585211445352,0.0450455928120572,2.68700000000536,14,0,0.178311284258425,23.9838399434795,7837.22426207905,0.216358340200878,0.105057998821022,25.2909999999974
"92",10000,0.0125,0.8,2,40,10,0.468215252626811,13.5108490172508,0.8625,0.8,10,631.416011976035,1283.58879377537,0.449632664603986,0.0123025433649274,1,1.53100000000268,0.35608758699598,123,17,0.279973709580697,12.1329588549686,1256.78618861633,0.394263730943704,0.0171714428067056,2.87399999999616,8,0,0.786520689454465,19.7391713391456,2164.90579719174,1.41141635996422,0.0912987940304395,65.8129999999946
"93",10000,0.0125,0.8,2,40,1,0.301686152357974,21.606621094262,0.8725,0.99,10,3101.3258654814,7223.36582915292,0.137822477770175,0.0312967629659524,1,1.83999999999651,0.516836923128857,47,20,0.105794059554838,17.1330405659335,7225.20296151333,0.10411022995786,0.0548573015789413,2.89500000000407,21,0,0.203146764686447,24.0252565654159,8121.16452777113,0.226200666665552,0.133509053946842,17.3870000000024
"94",10000,0.0125,0.8,2,40,10,0.443610469162492,10.2647396160016,0.9175,0.925,10,393.564784787449,762.464244174257,0.364562611133693,0.0115852942567714,1,1.40799999999581,0.476024826981294,195,12,0.37621081061855,9.98753084672846,769.367397981101,0.40459874626587,0.0186291035863255,2.61699999999837,8,0,0.659147484163957,16.3543793246574,1176.57955084568,0.992614375842784,0.0544281262988667,70.4899999999907
"95",10000,0.0125,0.8,2,40,1,0.359073067516781,23.995499993982,0.8775,0.9675,10,3190.993931337,7737.50867523144,0.204676792180469,0.0341601217147709,1,1.48999999999069,0.559184077184322,133,28,0.232963956333173,23.7589062265471,7859.26222643811,0.213266495294871,0.0688097731624751,2.86600000000908,14,0,0.181677669465192,24.3726638443025,7386.39107807989,0.19356840643519,0.10693548976901,24.3029999999999
"96",10000,0.0125,0.8,2,40,10,0.494227585558646,12.8486028735742,0.87,0.7825,10,354.657375059671,805.448734314119,0.525940071892467,0.0110431136122846,1,1.75,0.356968035920382,205,16,0.392568445594024,12.0532136323708,802.234265952186,0.539019663364556,0.0178684294979276,2.49499999999534,6,0,0.603327396146338,17.0860053480557,1122.15982719914,1.14940235408857,0.0483527385925906,67.351999999999
"97",10000,0.0125,0.8,2,40,1,0.256707909963735,17.617215293273,0.925,0.995,10,2686.83574642204,4839.58835975462,0.146449540392613,0.0225486897927844,1,6.46800000000803,0.622141918229121,50,27,0.0855213827718307,12.5111061310768,4749.3584837216,0.0770947759806629,0.0296642055618892,7.07100000001083,15,0,0.194107216471221,21.1799186671562,5320.04246117748,0.213491694718568,0.0845399320638031,20.7330000000075
"98",10000,0.0125,0.8,2,40,10,0.344329222046772,8.98023105924138,0.885,0.925,10,305.623403532867,662.943198111025,0.32152367228751,0.0088604441242577,1,1.40200000000186,0.410069620514759,132,13,0.325938104538182,9.501385333895,774.407610693555,0.371471214829592,0.0132979287029225,2.56399999999849,8,0,0.593084027018561,15.1546958202701,1141.85410272763,1.08438693648286,0.0438107504078067,66.1619999999966
"99",10000,0.0125,0.8,2,40,1,0.331645531562362,18.9315480823195,0.915,0.995,10,3181.78142209111,6574.04833152026,0.174591111841705,0.026270989697335,1,1.44200000001001,0.684362275355864,79,26,0.132180727032935,15.2944676474565,6318.41073595894,0.116529403076151,0.0352298953149236,2.72100000000501,15,0,0.194120927197071,21.8940050281868,6638.40458468431,0.210649139520689,0.0809122365000561,26.1129999999976
"100",10000,0.0125,0.8,2,40,10,0.408568021163068,11.626193823437,0.8675,0.775,10,527.65690913146,990.270547836257,0.375844139038323,0.0103137906696229,1,2.05800000000454,0.241940737955478,192,20,0.28949291879813,9.05895605252602,1017.89257972301,0.303347238981234,0.0181853823564345,3.37399999999616,7,0,0.463098658061635,16.1716263119004,1369.13375377941,0.779922354550084,0.0485400141447592,67.1589999999997
"101",10000,0.0125,0.8,2,40,1,0.259551416566727,16.5794939596432,0.8975,0.9925,10,2262.26239227376,4666.62099033258,0.144510331445011,0.0224775626564201,1,1.47800000000279,0.573126249334357,57,25,0.0859392523672737,13.4038375496529,4431.69667017853,0.0888014494740871,0.0300259150237583,2.64699999999721,12,0,0.18187965580078,18.6493413129247,5002.4087202056,0.195425911618719,0.0816315708857817,1817.942
"102",10000,0.0125,0.8,2,40,10,0.437106678563472,10.3902305607521,0.8675,0.83,10,441.657717558029,993.973280806648,0.349927530182201,0.0105660682194805,1,1.94599999999627,0.316832267809328,171,20,0.287637271842329,10.26723631407,959.970067572687,0.36410017832314,0.017549311714537,3.86000000000058,7,0,0.477664274244277,16.838480519795,1300.06412228118,0.90771008694474,0.0468155310340644,69.8389999999927
"103",10000,0.0125,0.8,2,40,1,0.263792315692423,17.375404650252,0.9325,1,10,3255.14003020714,6002.74431170218,0.136555056479244,0.027200016707244,1,1.66999999999825,0.697471570386731,49,18,0.128122762158998,16.7690574308505,5852.56711514443,0.119342589207376,0.0361702611251288,2.99499999999534,16,0,0.25539733415579,26.0815364336005,6843.75727792404,0.294346052058264,0.0908819217729106,20.1999999999971
"104",10000,0.0125,0.8,2,40,10,0.390923537131572,9.43864482780335,0.8225,0.79,10,338.809881611384,891.762448311433,0.357519537721567,0.0106724201561316,1,1.57800000000861,0.314353349031589,189,16,0.346264514067339,11.5077318624456,928.897565318477,0.473388255624341,0.0159586103039504,2.98999999999069,6,0,0.547655540906489,16.2985114326326,1256.78076665419,0.942244797375207,0.0416562361206971,77.1520000000019
"105",10000,0.0125,0.8,2,40,1,0.300596427801598,16.6023396243462,0.915,0.995,10,2610.35453663421,5373.00331963361,0.166748407763131,0.0212538895760079,1,1.4719999999943,0.692813802097704,65,28,0.134609492150216,15.6098084589459,5341.08793857079,0.128295021196358,0.0292096225247206,2.95799999999872,18,0,0.232019073631279,20.5276278061061,5843.92717200087,0.253499492401203,0.0779224576557378,21.2119999999995
"106",10000,0.0125,0.8,2,40,10,0.422995690439719,10.8753022846624,0.8925,0.92,10,370.274042041662,736.01413695907,0.394141679418066,0.0103046416502605,1,1.58100000000559,0.455703462959988,209,19,0.404608561905871,10.8178662982506,767.952256436212,0.436112060240219,0.0167669043209628,2.86699999999837,6,0,0.574454947323843,16.3773298165477,1013.57059090859,0.934470859429904,0.0421189673106089,262.287000000011
"107",10000,0.0125,0.8,2,40,1,0.235035513691416,18.9616258752331,0.9325,0.995,10,3508.87253423913,5994.654084077,0.134912424819749,0.0265593076442089,1,1.46299999998882,0.625222183421278,51,28,0.0892430949770023,15.6134359888499,5984.19615339955,0.0932024766958136,0.0287925424070773,2.95199999999022,13,0,0.169659084476798,23.0850303767986,6634.33999974277,0.197487026740718,0.0845748798201272,22.6959999999963
"108",10000,0.0125,0.8,2,40,10,0.379997338861686,10.5849339194199,0.865,0.82,10,445.383367350072,913.63574575459,0.378551248268191,0.0117136414478494,1,1.61299999999756,0.327864018633777,158,23,0.278610562855949,12.1258651839437,927.683438760849,0.444379183270748,0.0187352221776303,2.97599999999511,8,0,0.544440224010247,16.6352976954781,1123.28998428064,0.855927360896318,0.0509512069052685,79.0339999999997
"109",10000,0.0125,0.8,2,40,1,0.256601975604756,21.294824315615,0.8775,0.995,10,2922.52617700914,6793.25888392204,0.15107706014873,0.023490393860057,1,1.41100000000733,0.598826279579999,179,29,0.252326305030081,22.6826528143295,7038.81356401863,0.20729865842794,0.0684210966493824,2.65400000000955,10,0,0.147855412615523,20.9545738242876,6991.60800765881,0.171392520135281,0.0792522519851886,24.6209999999992
"110",10000,0.0125,0.8,2,40,10,0.462870362929841,11.5818841199344,0.9025,0.76,10,421.192995006996,729.866661830152,0.495191614007235,0.0108715954713631,1,1.66800000000512,0.295696124811819,206,19,0.32532205800995,10.7803888741187,696.911768977351,0.462216997034472,0.0175895228163938,2.88199999999779,9,0,0.648120158132256,18.3425391674732,1089.18042467393,1.1977045829763,0.0530212794515787,738.16399999999
"111",10000,0.0125,0.8,2,40,1,0.269030495249308,17.5179149410734,0.9,0.9875,10,2300.84863424605,4868.12461430347,0.144947166636559,0.0219457823256982,1,1.49700000000303,0.576525530808934,52,29,0.0797850901996078,13.491849016301,4658.06969899622,0.0848290536940459,0.0294002771463796,2.7549999999901,14,0,0.191419561735808,21.8845607123017,5270.18302697069,0.223195307982946,0.0790578624144988,21.6100000000006
"112",10000,0.0125,0.8,2,40,10,0.302539129249933,9.67105370108538,0.8725,0.8825,10,405.968348201803,839.477845855235,0.328812367746207,0.00993341345424475,1,1.61000000000058,0.398972497372061,142,17,0.281504645254529,10.2958053875402,866.117016460132,0.389601881694084,0.0151657597185534,2.74000000000524,9,0,0.501505468141447,15.8763300241953,1295.87604979432,0.886741836379335,0.0420605630739702,77.5009999999893
"113",10000,0.0125,0.8,2,40,1,0.255983239442644,16.7524146208092,0.9325,1,10,3070.41589810048,5468.54279760525,0.137238629163884,0.0251825172929155,1,1.47100000000501,0.692486995839429,62,24,0.114925542178059,14.3700284491237,5437.46961354202,0.117176869363733,0.0316188843551638,2.57399999999325,18,0,0.224663623306936,22.8533967162184,5932.78135135806,0.288912629421516,0.0902874721967604,20.9949999999953
"114",10000,0.0125,0.8,2,40,10,0.57226830840826,10.910323520742,0.8675,0.755,10,386.003149390561,799.821350049739,0.489541253709795,0.00904459975442169,1,1.70299999999406,0.343231381804307,172,18,0.352778970365601,9.34051585046294,768.294424626383,0.350483241049159,0.0150345784182637,2.86299999999756,8,0,0.498695490085753,12.1789544048617,961.6339921577,0.70971921661647,0.0327122347100116,1037.963
"115",10000,0.0125,0.8,2,40,1,0.295328807808952,20.517195213866,0.91,0.9925,10,3508.22059159695,6476.33903724879,0.151870846571965,0.0296894337594099,1,7.96400000000722,0.587495649600939,55,22,0.0837922135683738,16.7601655702136,6116.98981445581,0.0941956402849187,0.0420230487942291,2.55799999998999,14,0,0.203959709248992,27.4395139953049,7005.21214799921,0.241667356435746,0.111399251405744,19.7630000000063
"116",10000,0.0125,0.8,2,40,10,0.415891971956587,9.03236889567935,0.9075,0.895,10,336.619452589855,644.179436678276,0.368625074833957,0.00951240310235675,1,1.74000000000524,0.373283984328681,131,14,0.333555979019357,11.8075550162802,724.560883418273,0.531419442459002,0.0141281692586071,2.69800000000396,9,0,0.628241574228738,13.2560113139293,946.468803673517,0.990329661554022,0.0358351763683053,163.012999999992
"117",10000,0.0125,0.8,2,40,1,0.315825453138073,20.5417617167673,0.8375,0.9725,10,2343.19391842255,6473.96184230761,0.192261587777424,0.0269937787525694,1,1.65099999999802,0.553528661626985,64,26,0.0953628983527866,14.5086802734902,5857.30205026265,0.0973506708436359,0.0346210367130584,2.82600000000093,16,0,0.197367208363041,20.9719621543075,6349.77654399342,0.211309428715657,0.0872481240961481,26.8029999999999
"118",10000,0.0125,0.8,2,40,10,0.463724932393793,9.99683912828862,0.91,0.905,10,460.886388873759,837.754301442316,0.340391331804071,0.0115129856423861,1,1.77300000000105,0.427965944266434,183,17,0.357171896843378,9.87134998160486,821.39095867333,0.352244941825335,0.0200093510343957,2.91800000000512,6,0,0.508892916750596,15.8727253312579,1035.04074463078,0.742779228745163,0.044748001246237,70.3359999999957
"119",10000,0.0125,0.8,2,40,1,0.199464473778382,15.7207708582394,0.9325,0.9925,10,3207.66403523009,5479.15427151465,0.166855548397564,0.0199414280145058,1,1.66400000000431,0.741870296479824,38,23,0.126008052481158,17.2925025613422,5436.63710620592,0.145708122269791,0.0242784910096228,2.82999999998719,18,0,0.216602077215652,24.4295566648929,6004.56467116456,0.274418776976552,0.0725276927924131,934.585999999996
"120",10000,0.0125,0.8,2,40,10,0.405731056662397,9.60276027623657,0.8925,0.9125,10,402.173147048798,752.245936387315,0.290911602769609,0.0115381766970541,1,1.73600000000442,0.31822007823898,215,21,0.371169660834314,11.5546539431601,815.277554968296,0.46977861129097,0.0194115376345993,3.41199999999662,7,0,0.694039538859995,20.6941844741771,1549.19064513066,1.56997382828708,0.079863372353783,72.0109999999986
"121",10000,0.0125,0.8,2,40,1,0.266522426249845,18.5785696181523,0.915,0.9925,10,3312.43677766414,6689.11191552747,0.14196532645812,0.0283385664994383,1,1.63999999999942,0.630250992876792,43,21,0.0811498192382542,14.974627349941,6686.59782894799,0.093123987550213,0.0376874990624825,2.98000000001048,18,0,0.197306596399288,26.110261402498,7243.47909536186,0.234346503128247,0.104197297374666,992.233999999997
"122",10000,0.0125,0.8,2,40,10,0.423921667738619,10.4638798359505,0.855,0.8025,10,374.102087912949,790.075458248274,0.414145205595644,0.0113210709881757,1,1.65500000001339,0.263131541540855,209,20,0.372652432183682,11.7328781500668,830.835961828765,0.480381985959595,0.0176160349086068,2.77000000000407,7,0,0.664929514024478,15.9737802927789,1100.29257880269,1.01091313196271,0.0554639779696176,70.872000000003
"123",10000,0.0125,0.8,2,40,1,0.302180148084488,23.4862476053604,0.89,0.9925,10,4216.00634686363,9469.77750393662,0.172457647148195,0.0311146415443733,1,1.74199999999837,0.646929044433351,59,33,0.0887154317957715,15.9545151218891,8792.90149448363,0.0913602104934524,0.0338762871552476,3.18799999999464,13,0,0.186800487379595,25.8502897926151,9308.97603112833,0.205040694884853,0.0929190672952901,23.9140000000043
"124",10000,0.0125,0.8,2,40,10,0.50160789616947,12.3751407673999,0.8925,0.78,10,503.7771521254,895.141227750095,0.444126012297826,0.0111051306719211,1,1.72900000000664,0.308334827890052,177,23,0.32339284522989,11.6220583112335,898.514645283965,0.430583424274047,0.016715951423628,3.3119999999908,8,0,0.576808164009929,16.8590923075994,1283.91784503333,0.96826970626947,0.0541226951118839,77.7550000000047
"125",10000,0.0125,0.8,2,40,1,0.324713743233561,21.6487348295476,0.9275,0.9775,10,2795.18709764283,5472.33847676182,0.206428464900819,0.0269473697641366,1,1.90600000000268,0.607850344952865,48,15,0.110165972305788,16.1654449428125,5361.20531559975,0.129049512424873,0.0435797948056918,3.61800000000221,22,0,0.217957131524347,25.9104864837811,6325.18790193973,0.302286012761328,0.114150468767254,24.2399999999907
"126",10000,0.0125,0.8,2,40,10,0.46042162993225,10.1783606014025,0.8925,0.9,10,350.062050533261,806.293576689245,0.426198626004133,0.00984256208827464,1,2.0460000000021,0.463838170671667,209,16,0.399180726193548,10.7248660856157,846.325041858863,0.446164812408081,0.0161388578277227,3.49199999999837,7,0,0.58949183256881,15.7808999629334,1094.89929422305,0.935643187546278,0.0457548557018469,79.9890000000014
"127",10000,0.0125,0.8,2,40,1,0.2686301986083,17.2093935053967,0.9425,0.9975,10,2758.35729320592,4641.73252441529,0.14867988909632,0.0230068828815811,1,1.62200000000303,0.598573086250129,62,26,0.0658977091954151,12.7226247305533,4698.35295662771,0.0685620795195328,0.0267429694071483,3.16400000000431,13,0,0.173554560457002,22.2796685426192,5690.24386048962,0.222072511704565,0.0879828958006166,234.133000000002
"128",10000,0.0125,0.8,2,40,10,0.343745398096282,9.32274821333895,0.915,0.9375,10,415.03519553536,828.812252117222,0.327754346610432,0.010341089411649,1,1.46700000000419,0.425823306079192,138,19,0.280135157102039,10.0386408894834,976.07223160422,0.451118767959357,0.0165240372920673,2.65700000000652,9,0,0.584671572016173,17.0200201611594,1232.4499577776,0.975852174669,0.0540129643368504,71.0689999999886
"129",10000,0.0125,0.8,2,40,1,0.282437455975909,18.266404275143,0.8925,0.9925,10,3209.824250602,6963.33867265193,0.147995227325442,0.029990104366139,1,1.67500000000291,0.605772821725166,46,16,0.108047135663528,16.9269776898703,6720.07551826977,0.107941163933669,0.0411881323606072,2.95899999998801,18,0,0.208314089499197,22.1728583400114,7310.50116833006,0.213465243589103,0.0948937747192864,863.404999999999
"130",10000,0.0125,0.8,2,40,10,0.386664825977394,10.6700051899637,0.8875,0.87,10,401.181957982353,900.434727593704,0.370905602804159,0.0109311142236423,1,1.77400000000489,0.367286712646561,143,18,0.285460607081592,10.9332948213978,978.866656278353,0.438091340744776,0.0153527874724709,2.74799999999232,8,0,0.554021491025664,19.0787285948856,1469.98411834638,1.19059285429224,0.0565423795120696,78.7749999999942
"131",10000,0.0125,0.8,2,40,1,0.254898536414038,16.8916573839048,0.8975,0.9825,10,2846.21258579807,5904.23977741919,0.130684202749632,0.0210008595044014,1,1.41599999999744,0.574785854377595,50,27,0.0794782017152173,14.2560132398648,5973.52719207127,0.0836236878565427,0.0269574421038077,2.65800000001036,13,0,0.177155333205542,22.5739806956346,6643.86873442784,0.225620772446889,0.0826544390080922,22.125
"132",10000,0.0125,0.8,2,40,10,0.353713765555926,8.23932589626078,0.8975,0.8425,10,343.930503476172,619.109918321549,0.355750370796404,0.0100322394707709,1,1.53800000000047,0.291836122911255,158,11,0.30010595846797,9.94297471436899,600.384722176238,0.401617442292843,0.0167997338368854,2.99799999999232,9,0,0.601018615532129,14.119287723595,815.994545609722,0.871433430186909,0.0385807814360919,1091.326
"133",10000,0.0125,0.8,2,40,1,0.302990011597646,17.046025429014,0.8925,0.9975,10,3315.5386511414,7082.67348155374,0.140002895227102,0.0274007855610275,1,1.47599999999511,0.614129396683593,66,23,0.103157450261067,16.5440058625159,6917.47907519304,0.102728183112514,0.0419948616649451,2.66899999999441,13,0,0.165796860945579,22.4410764143162,7660.6618801356,0.220116973486498,0.10195909143852,19.9959999999992
"134",10000,0.0125,0.8,2,40,10,0.502898847613546,10.1443455322146,0.9175,0.855,10,516.537094060458,838.267347082877,0.440746666495679,0.0105462914924921,1,1.66599999999744,0.37966921482981,147,18,0.32363298762239,10.8120043100714,841.930951893438,0.42987462340244,0.0148861917214103,2.82399999999325,7,0,0.567395605639527,16.4982470539961,1141.01739556262,0.953401190328753,0.0404614125184738,1139.667
"135",10000,0.0125,0.8,2,40,1,0.243721619720903,15.8616395571616,0.8975,0.995,10,2597.21597918051,5065.62090470642,0.122751598038899,0.0173369729308573,1,1.78499999998894,0.511366475044908,57,32,0.0753719278356068,13.467824170411,5036.58562023886,0.0954667754891517,0.028008892543537,3.24199999999837,14,0,0.175652843251839,22.1421266836065,5906.97398219639,0.239260402412431,0.0840083615711234,27.0660000000062
"136",10000,0.0125,0.8,2,40,10,0.411521479393744,10.2721452346533,0.8725,0.9125,10,341.699466627492,856.127886115224,0.340145818749212,0.0103954931860893,1,1.57300000000396,0.418668336456045,161,17,0.330499354667921,10.1696681827078,861.643915555933,0.37832939745134,0.0166268421840772,2.88300000000163,7,0,0.504455157129075,13.6713367890717,1114.89126361313,0.726771594806829,0.0404329619427122,983.634000000005
"137",10000,0.0125,0.8,2,40,1,0.237285347848724,16.5540908759774,0.875,0.9675,10,2595.04691280189,5635.95101384178,0.132363114179246,0.0234414755227445,1,1.52300000000105,0.497316381719326,68,23,0.0939041812478521,13.8557263360423,5771.07706113497,0.0853978338319277,0.0424651189371593,2.75800000000163,15,0,0.179293152921961,21.5050157534728,6632.65004311352,0.205849905278542,0.0984721053932296,27.8179999999993
"138",10000,0.0125,0.8,2,40,10,0.415988594788578,10.7886066174168,0.905,0.8825,10,436.632071830537,866.126802500965,0.338844816787694,0.0108312154182672,1,1.38899999999558,0.354613617081156,137,11,0.280585362673463,11.0888217432347,908.655921745814,0.3722365193155,0.0156712727886376,3.22200000000885,8,0,0.539076248465704,16.6157366704146,1278.26014056571,0.824267385387374,0.0487255116218418,248.262000000002
"139",10000,0.0125,0.8,2,40,1,0.274114086343532,17.3446767819695,0.8925,0.9825,10,2826.48761875463,5897.4625518116,0.152396204174354,0.0218424737775409,1,1.58800000000338,0.62888902932277,54,25,0.087775290819055,12.6052979588916,5364.71118534659,0.0816799804603993,0.0272977907398394,3.09500000000116,16,0,0.195936974022083,19.2475230518251,6104.11824230617,0.223317161032906,0.0785592235796513,20.5830000000133
"140",10000,0.0125,0.8,2,40,10,0.408694308173773,10.6202782660443,0.91,0.9275,10,454.162155804971,892.076165598387,0.386502802993374,0.0117635356941079,1,1.6189999999915,0.543760127327425,161,20,0.31479949835077,11.5395837328922,885.889992170013,0.402902054212658,0.0162354624998248,2.80499999999302,8,0,0.471314830327806,15.6843759349643,1165.67860027759,0.766505060980054,0.0379423657937395,69.0380000000005
"141",10000,0.0125,0.8,2,40,1,0.239295313790285,17.3595119130673,0.9075,0.9925,10,2741.12683053028,4971.61371460933,0.152576575289322,0.020744197138971,1,1.64299999999639,0.623900801497271,61,25,0.08922134447693,14.5328540812359,4516.8934508507,0.0991768195279887,0.0278570038764394,2.94599999999627,18,0,0.219227293969102,25.1192487985123,5047.87640339161,0.278767342399542,0.0874326713272813,21.2160000000003
"142",10000,0.0125,0.8,2,40,10,0.335023116999979,9.03630341030635,0.875,0.845,10,361.324174045601,758.626474594046,0.29931067679948,0.00999451341791853,1,6.47799999998824,0.28394457673942,193,20,0.336008351931689,10.0869378484899,801.46121480751,0.42839608150753,0.0160906511692502,2.46899999999732,8,0,0.491048659787375,13.9356111073955,1008.8778876192,0.798244145776164,0.0405170657791779,995.067999999999
"143",10000,0.0125,0.8,2,40,1,0.299483071315343,18.5952668324762,0.9025,0.9775,10,2828.34687223049,5770.06269671827,0.181437258205762,0.0223489563700503,1,1.58400000000256,0.58583081002411,46,31,0.0826170223813947,14.7793651657214,5546.41336473112,0.0939748032359352,0.0268099534234788,2.98099999999977,14,0,0.198757133431167,22.7269743058184,6296.50236986109,0.225494283434628,0.0882309308024521,21.971000000005
"144",10000,0.0125,0.8,2,40,10,0.439381562741892,10.4584760735664,0.9,0.91,10,390.44996558141,767.022472004956,0.378608701436606,0.0109968967019706,1,1.56499999998778,0.508698600117375,158,16,0.352638913622788,11.3421388681233,850.792344102845,0.442153523125084,0.0154531903757837,9.3179999999993,9,0,0.51564395949326,13.2341511917182,1015.66236467603,0.731020587956092,0.0356348153508347,1115.17499999999
"145",10000,0.0125,0.8,2,40,1,0.243625706506773,17.662601794559,0.905,0.995,10,3159.83863306443,6179.70608968147,0.127571278393573,0.0275000391022281,1,1.44499999999243,0.593033676413065,54,29,0.094080583109023,14.952724535575,6102.88959390939,0.101067147283163,0.0384247580523847,3.26600000000326,13,0,0.205071337360707,25.1320158308526,7036.53345262709,0.24128812716432,0.104141297720758,20.0020000000077
"146",10000,0.0125,0.8,2,40,10,0.377377050123569,10.5646105336506,0.845,0.83,10,360.828637562668,828.036242390853,0.363426904109343,0.0109377252725704,1,1.59700000000885,0.31607082799564,146,21,0.288892659305624,11.0716171065133,859.410080184301,0.387742314295233,0.0165671327812992,2.71300000000338,7,0,0.458756399438319,12.8858210816073,1119.62026919872,0.714622120319726,0.0370639156188389,1102.14700000001
"147",10000,0.0125,0.8,2,40,1,0.263176896280695,21.9192912467255,0.8925,0.9975,10,3637.9292781934,7556.56816923872,0.154734315665177,0.0300006242750715,1,1.4890000000014,0.68452985277328,39,20,0.145723773376048,21.1084107045769,7673.39255764432,0.157095117964916,0.0331684295868794,3.12200000000303,15,0,0.241018455888574,26.8550413070357,8548.54895179318,0.29944347264265,0.0876473195282874,19.8669999999984
"148",10000,0.0125,0.8,2,40,10,0.385142190719696,9.24630935202662,0.905,0.8925,10,385.681538258715,692.072508198636,0.317728732487682,0.00950633311205701,1,1.72299999999814,0.389972072741492,184,22,0.297688076086603,9.11079607943115,664.257571678177,0.335044866728499,0.0144976365785434,2.70300000000861,7,0,0.612536177564695,14.1583433480797,925.400169555602,0.876737511539332,0.0540143711600519,66.0179999999964
"149",10000,0.0125,0.8,2,40,1,0.279203311983024,18.1978766958607,0.9,0.99,10,2724.03385562525,5524.71646522111,0.158614451038191,0.0252868649793405,1,1.52700000000186,0.620100807732171,63,22,0.102913805999299,14.8471222574252,5382.23673840055,0.103218928468993,0.0345847053194041,2.79399999999441,13,0,0.196453989499745,21.9871430549529,5956.32598840139,0.213234834395516,0.0904986375001043,111.971999999994
"150",10000,0.0125,0.8,2,40,10,0.483550212221798,11.5836191945734,0.8525,0.755,10,435.782888705459,904.182188140262,0.484250768757886,0.0110830527619893,1,1.62300000000687,0.308359163735983,168,12,0.35984404800703,11.3318943230828,917.25315741484,0.497109256738577,0.0176266524135413,3.13999999999942,6,0,0.48758178819247,14.6415051686829,1125.49111190267,0.856756366836575,0.0393108746960555,67.6849999999977
"151",10000,0.0125,0.8,2,40,1,0.295866486361376,23.4433718486769,0.935,0.9975,10,3900.23590974748,6734.98866041836,0.187961616408342,0.027940196485125,1,1.57700000000477,0.716915966875969,37,24,0.1235347783179,19.8790583399401,6263.19988251454,0.141365196215289,0.0341392995390969,2.91700000000128,17,0,0.219511176947647,24.2183813336513,7052.62464987644,0.262171998884374,0.0909657987777664,1041.43799999999
"152",10000,0.0125,0.8,2,40,10,0.407577625615055,10.8819099010086,0.88,0.8475,10,453.662578896739,937.407197221481,0.389783430410049,0.0104224763412604,1,1.44400000000314,0.357467068610294,172,22,0.325961613104746,10.9809144004455,951.610353403187,0.385731096117477,0.016391200182786,7.6880000000092,6,0,0.477574142438738,14.4097257672167,1131.87408547466,0.69809148557878,0.0303475677804059,66.2659999999887
"153",10000,0.0125,0.8,2,40,1,0.240125284465734,17.3040567061449,0.9525,0.9975,10,3020.83283519636,4652.98190126471,0.144859382202941,0.0201222757441842,1,1.8289999999979,0.693030783365208,51,27,0.10888506758108,15.5864868326561,4546.02602563885,0.124454795460108,0.0196400696206542,3.16300000000047,13,0,0.176764609825003,20.1578446918181,5010.47077376447,0.196582786057791,0.0666419526956134,21.775999999998
"154",10000,0.0125,0.8,2,40,10,0.529589803029781,10.7240810774762,0.8825,0.8675,10,434.401255142966,881.844135661185,0.424242267221479,0.0112051951254087,1,1.58099999999104,0.342615456234564,215,23,0.435797325661833,10.0226916071052,895.605006229459,0.430865386751128,0.0199832144690157,2.72999999999593,6,0,0.727491301995634,20.9601024068663,1386.64710135581,1.43044688348951,0.0772683184998937,680.819000000003
"155",10000,0.0125,0.8,2,40,1,0.299649680500967,19.8022486997767,0.92,0.9925,10,3528.50499088304,6579.73154250135,0.157965608835533,0.0261185138729525,1,1.46400000000722,0.640221959573196,77,29,0.100327506463726,14.5431444227783,6247.94832314053,0.0881173205341955,0.0333145370660721,2.75500000000466,12,0,0.196119043039075,23.2509216461685,7049.84317919814,0.220537130853782,0.0869176979153358,21.4670000000042
"156",10000,0.0125,0.8,2,40,10,0.367844302633395,11.3747269416157,0.9075,0.84,10,493.231569020664,886.266207653195,0.412947700913319,0.011139806170205,1,1.53000000001339,0.356730861025285,137,23,0.266348126956223,11.6053056094073,915.078247604884,0.451998029352233,0.0169241282550139,2.76600000000326,10,0,0.606060604269849,21.2254403759705,1606.08859159479,1.38360369150555,0.0631258566210155,976.866999999998
"157",10000,0.0125,0.8,2,40,1,0.280393447871695,22.2467137878407,0.955,0.995,10,4713.89914115434,6955.69115153682,0.175524292278781,0.0290162940459344,1,1.59700000000885,0.690514153377193,43,22,0.0910661949238667,15.8324984679973,6548.01489119868,0.0943412231395898,0.0347043831941519,2.90399999999499,15,0,0.216989919350847,25.6660448931749,7404.38204572576,0.226304070967221,0.0957297047961585,26.372000000003
"158",10000,0.0125,0.8,2,40,10,0.414195426251102,10.9271971865686,0.8775,0.8875,10,419.228632265991,978.886464437356,0.416717310931526,0.0123587365113197,1,1.60100000000966,0.483029847992734,147,13,0.339312899949734,13.4701443268625,1026.30542326536,0.502790937388384,0.0195374528506815,2.72699999999895,8,0,0.627517194139638,20.9748643410582,1563.28317343581,1.44089173952751,0.0672721691944576,1044.633
"159",10000,0.0125,0.8,2,40,1,0.313440557457534,22.3884569539842,0.895,0.9825,10,2795.72816539799,6243.9582586637,0.185726202678113,0.026790443877892,1,1.59500000000116,0.613941018022796,44,24,0.112861676790397,14.3723963519399,5761.57201083821,0.111918926120161,0.0312365600348905,2.92200000000594,16,0,0.225355082835922,23.1888425039693,6387.1677368991,0.237068185177195,0.0859300697470618,26.218000000008
"160",10000,0.0125,0.8,2,40,10,0.40681166004617,11.2332233997198,0.8325,0.82,10,432.928788392975,1016.79716983101,0.375868891223306,0.0115617000066829,1,1.42600000000675,0.318082511566335,179,20,0.328789237312396,11.0130694057697,1002.453358744,0.404536101970406,0.0194239794246622,2.72100000000501,9,0,0.528637077096081,17.9910674972425,1308.12478151091,0.928265980677744,0.0533617716126474,1120.87699999999
"161",10000,0.0125,0.8,2,40,1,0.255539210305658,18.3593346282655,0.8875,0.9875,10,2411.86413853842,5984.37365452889,0.128028311387719,0.0215589305226717,1,1.52899999999499,0.556878874391552,47,26,0.0809737624130002,12.7280268513323,5494.41574416879,0.0723663462749339,0.0268307813158181,2.8289999999979,14,0,0.169938033794303,18.5820148776488,5868.46136767145,0.171318761066709,0.0724302008977456,19.7580000000016
"162",10000,0.0125,0.8,2,40,10,0.418318993931302,9.86088713451224,0.8975,0.85,10,479.237662191213,947.223226839275,0.385699178494617,0.0117024281524479,1,1.54200000000128,0.329272063321859,182,15,0.381354849627808,11.1173769404408,977.077891247782,0.47455428465679,0.0192223050575351,9.87600000000384,7,1,0.577697575400724,17.4409014510243,1215.44549686645,0.849674751172602,0.0514085535290206,1056.257
"163",10000,0.0125,0.8,2,40,1,0.283063682794503,18.4734338357358,0.9175,0.9775,10,2623.84555834997,4908.42164380325,0.176150429295014,0.0217128885385637,1,1.69800000000396,0.535853516715239,103,35,0.109726744066837,14.8161053756963,4810.71305637105,0.0983787231767197,0.0344959684630456,2.64400000000023,11,0,0.176800988405474,20.2032851524837,5478.54523357525,0.18666849064616,0.0866531281408006,23.5479999999952
"164",10000,0.0125,0.8,2,40,10,0.449303993524792,9.45608443786549,0.8525,0.8975,10,316.14393832872,856.535366674488,0.390306492532427,0.0105565799176786,1,1.53800000000047,0.439152355674072,206,20,0.4056383669251,10.0736550174875,925.941913363713,0.442780398236603,0.0180648714733429,2.85199999999895,6,0,0.586377371304469,14.3239308900072,1110.08963542319,0.835046572887202,0.0411479090537629,68.7780000000057
"165",10000,0.0125,0.8,2,40,1,0.255395491544948,18.7098796283661,0.91,0.99,10,4076.02891493054,7685.30791761436,0.141566316467145,0.0310916055989616,1,1.52499999999418,0.65142511603432,65,25,0.0982355380917096,17.6930839619631,7411.82869726775,0.10814348159397,0.0452093450337246,1008.351,13,0,0.187328082247639,26.9720076671198,8320.53890983174,0.241490701837166,0.107764525172119,21.3190000000031
"166",10000,0.0125,0.8,2,40,10,0.377422283333038,10.249524190946,0.885,0.8625,10,379.952734424212,738.024812759286,0.355569620091218,0.0114045695836896,1,1.55899999999383,0.400548630830423,182,19,0.324795214796773,11.070484674129,770.861285195702,0.40752213678777,0.0164557894781688,2.84600000000501,7,0,0.651026357723077,19.9704127245516,1432.31985581455,1.35603031482206,0.0685389135151979,67.2339999999967
"167",10000,0.0125,0.8,2,40,1,0.319052602293776,20.2313392474131,0.9,0.9775,10,2587.3010401424,5296.73005559468,0.182068637451719,0.0256187643767089,1,1.60700000000361,0.542213784589783,52,25,0.0897152108798889,14.2121010218999,4543.00353560395,0.0744060469656624,0.028951045749915,2.75599999999395,14,0,0.207036747091345,20.261771745403,5059.64010591606,0.181657832538598,0.0786264047492246,28.2060000000056
"168",10000,0.0125,0.8,2,40,10,0.424403174772367,11.2780075107686,0.885,0.8875,10,472.467703499414,936.74016179614,0.359116748774684,0.0120303330124672,1,1.625,0.39266185287857,131,16,0.298937977706885,12.2523263668617,909.769568987771,0.419050070049914,0.0193787522175255,3.05500000000757,9,0,0.596161701678917,17.9450683537325,1513.88372163772,1.06903097679064,0.0535742682276594,1076.66
"169",10000,0.0125,0.8,2,40,1,0.235532043278889,17.3919255124124,0.935,0.9925,10,2929.22595164611,5344.58369412085,0.125623301928937,0.0222630678582642,1,1.9829999999929,0.555295397979876,56,30,0.0569100978711835,10.9177692088644,4989.65492117071,0.0623785275967824,0.0281805085263101,3.13399999999092,11,0,0.14770110856796,21.0218833860918,5535.74744294805,0.208944370843017,0.0839967025888767,27.6900000000023
"170",10000,0.0125,0.8,2,40,10,0.452871535104708,10.6546883055177,0.8925,0.9,10,499.656487020457,1049.22432540363,0.354475020823781,0.0128478053926586,1,1.47800000000279,0.399884218015694,170,20,0.342583295625576,12.4854205743142,1028.86844048339,0.412644724842335,0.0206749749093222,2.65499999999884,7,0,0.510775634504823,16.8173353680336,1323.56460052425,0.82960590176901,0.0455579475108334,1010.955
"171",10000,0.0125,0.8,2,40,1,0.24820864156571,20.2713019067644,0.92,0.9925,10,3785.69752266629,6748.57888191403,0.144437759761649,0.0270063054399532,1,1.71699999998964,0.639356324289235,47,34,0.0877769559724648,16.2675934297367,6514.44948544086,0.0865325347324759,0.0324052203810091,3.14199999999255,13,0,0.180455123180602,26.2581969064447,7390.13622106451,0.224487324159184,0.103663666269979,19.9630000000034
"172",10000,0.0125,0.8,2,40,10,0.411379153342474,8.6101509268697,0.92,0.885,10,390.933536083102,704.736350042267,0.327042680719691,0.0103741291083376,1,1.59599999999045,0.362371780112388,168,19,0.309359033895038,9.4612616808802,790.900742875593,0.381134395477253,0.0158069409996838,2.79200000000128,7,0,0.5288900557023,15.8693322942296,1004.74493569585,0.872079854258609,0.0443410051557579,992.710000000006
"173",10000,0.0125,0.8,2,40,1,0.293397104418487,20.5775786598699,0.84,0.9525,10,2551.68649272745,7027.2216725398,0.201770074543094,0.0261166613274765,1,0.95700000000943,0.542770606347957,105,23,0.137938228505476,18.3251729780356,6825.67043453469,0.163898060825432,0.0456367929619615,6.0619999999908,14,0,0.204833702720431,24.6040257025713,7457.26029946579,0.266162421785169,0.092510613253814,19.528999999995
"174",10000,0.0125,0.8,2,40,10,0.4333070752384,11.3608179254538,0.8675,0.865,10,438.381906444551,1006.697289814,0.414872200480197,0.0124470079379654,1,1.49000000000524,0.355836760295746,153,15,0.362227630637984,11.7862884551897,1042.39869912795,0.5307032055526,0.019501663158265,2.67999999999302,8,0,0.612183120472081,17.8604166617784,1382.4751842638,1.09896990268736,0.0526646369987033,71.773000000001
"175",10000,0.0125,0.8,2,40,1,0.222262433772686,15.4923369907634,0.89,0.9875,10,2397.59960148095,4956.9407819895,0.118822943331171,0.0208108926463151,1,1.56100000000151,0.444803138682402,49,25,0.0677347160390075,13.154985436436,4940.04610297369,0.0759299166810921,0.034031055436713,2.99300000000221,14,0,0.155297168025249,20.2815010902844,5679.46219871189,0.207556288183926,0.0905308583830786,965.896999999997
"176",10000,0.0125,0.8,2,40,10,0.457108334984882,11.5124136815745,0.835,0.78,10,482.818470834149,1192.40800782313,0.430712458490125,0.0126361255303054,1,1.67500000000291,0.330557188437456,177,14,0.318402446317049,10.7688391934742,1110.41430124952,0.370916979566044,0.0209713837751591,2.83899999999267,8,0,0.528522154188305,16.9604200067789,1512.08734484175,0.931978011898469,0.0610659746661499,66.7050000000017
"177",10000,0.0125,0.8,2,40,1,0.361671141198951,23.655585886961,0.9225,0.9825,10,2950.80870977597,5612.75991930507,0.198005441948192,0.0264833206554731,1,1.53900000000431,0.593518634202844,104,30,0.129462367923498,13.6073266180236,5096.55097117211,0.0919287278283548,0.0349594310239519,2.85000000000582,13,0,0.196623986865109,20.4316866599317,5284.97979638543,0.183804602976229,0.0826696706977767,1021.579
"178",10000,0.0125,0.8,2,40,10,0.526377744951166,11.9308186336553,0.885,0.765,10,400.998030802366,769.79129640138,0.571381238874852,0.0107671878212047,1,1.5460000000021,0.333338211517488,182,22,0.365093489413842,9.73878066577068,722.026153091035,0.490658431229964,0.0170067582217308,3.13199999999779,6,0,0.549196267202262,15.2512741589986,982.451055282511,1.01813740912386,0.0367914384941943,68.2569999999978
"179",10000,0.0125,0.8,2,40,1,0.261717081102737,17.8026781364543,0.9325,0.9875,10,3012.05132787055,5203.21394136585,0.161226378470207,0.02304880512698,1,1.59500000000116,0.623379837758395,64,23,0.100883385074792,15.5566546069705,4929.38680995909,0.11408193990202,0.0341517006764436,2.89800000000105,14,0,0.211159443067957,25.1507033181849,5740.56044913836,0.290214523041568,0.0860413402752489,20.8190000000031
"180",10000,0.0125,0.8,2,40,10,0.430271870935058,9.91468395804902,0.875,0.8175,10,452.960340106885,881.070381774695,0.369535688127868,0.00972106136337757,1,1.71199999999953,0.264106116119086,165,22,0.252831127558318,9.91581863929898,850.467487602009,0.374928841803282,0.0147086234926405,2.75899999999092,7,0,0.409918939935052,15.4918018424263,1024.32242410849,0.808889118746981,0.0420131220732829,854.678
"181",10000,0.0125,0.8,2,40,1,0.23505733654012,16.3112092414476,0.945,0.9975,10,3578.45643595592,5671.70685275675,0.123786008940022,0.029459560331076,1,1.66800000000512,0.670797957849865,48,26,0.108934895360743,17.3185331869101,5770.06190421635,0.129262111227918,0.0399351106113224,2.78499999998894,14,0,0.237227480026811,22.046516106864,6394.16130605174,0.227746678151063,0.0905087312081142,24.1199999999953
"182",10000,0.0125,0.8,2,40,10,0.451239772045064,9.17219007852009,0.875,0.8625,10,334.831894250495,693.56583563114,0.452806568081887,0.00878110738141294,1,1.75,0.382710139451856,162,16,0.346957223586226,10.1479254765229,692.866500220115,0.526257695698597,0.0136243698753325,3.15000000000873,8,0,0.553917500738284,12.8825329868603,840.425777574902,0.840936611535005,0.036039213146393,80.2139999999927
"183",10000,0.0125,0.8,2,40,1,0.19903350063816,14.7031106259757,0.92,1,10,3103.33861076252,5546.08056159113,0.100546108908739,0.0226756604923288,1,1.50699999999779,0.629138795632016,61,30,0.0843138430327626,12.7571028129616,5468.63554101215,0.0755204953240202,0.0280040036826458,2.78399999999965,12,0,0.197756011446924,23.562911230985,6236.24770113742,0.220983243552033,0.0875870636962219,26.6630000000005
"184",10000,0.0125,0.8,2,40,10,0.415130441048985,8.84671827541642,0.89,0.8875,10,391.900302948961,800.400370045119,0.323166262469736,0.0105246721499345,1,1.99499999999534,0.343320337280801,206,19,0.378387107389566,10.5515535386648,844.390687019452,0.452638817761476,0.0195535642130914,3.52700000000186,7,0,0.497513031061647,11.7715561862479,1019.98436185583,0.662703985406397,0.0335859830967077,1025.996
"185",10000,0.0125,0.8,2,40,1,0.371872658002122,24.1465987370224,0.875,0.955,10,2854.77550523465,6987.9965382014,0.256102497121146,0.0285982054983022,1,1.6359999999986,0.621598793720997,106,30,0.150468772506439,18.908139295369,6427.81568055496,0.149078658080994,0.041966683013697,2.96300000000338,13,0,0.200694675129436,24.0744751601844,7048.73684558996,0.250448197607669,0.0908808173969575,20.2720000000118
"186",10000,0.0125,0.8,2,40,10,0.394348202748982,9.47005517274629,0.9425,0.97,10,406.351645960729,660.649598087027,0.337468680839992,0.0104854550072672,1,1.53100000000268,0.501880772482707,130,15,0.328367239643112,11.2124756504857,788.650667769459,0.490897630594732,0.0143408598746406,2.85299999998824,8,0,0.800485342293366,20.8588335855532,1498.77498335279,1.65818701539603,0.0717656231473469,993.084000000003
"187",10000,0.0125,0.8,2,40,1,0.310585512082946,21.6590150619958,0.925,0.9775,10,3295.5739035271,6062.61335710491,0.214131186233973,0.0259607997218611,1,1.60099999999511,0.663847810782168,45,30,0.116077849572552,16.6416112810754,5791.51969333929,0.116807230874527,0.0295380272765026,2.74700000000303,15,0,0.237975213756971,27.1667575695834,6434.23401405246,0.267645211541888,0.0940592793738993,22.4380000000092
"188",10000,0.0125,0.8,2,40,10,0.415204156539946,9.94843849023647,0.91,0.855,10,420.238535553355,721.740936408412,0.408644630419421,0.0104034704673764,1,1.51499999999942,0.336844101985381,159,17,0.29937752739435,10.8259558187973,755.29395488786,0.488329341116819,0.0175951621303553,2.73699999999371,8,0,0.510670184032464,13.8393894621612,958.794711919835,0.772361716829145,0.0406510109744608,64.9649999999965
"189",10000,0.0125,0.8,2,40,1,0.240763114627709,18.4960493086968,0.91,0.9975,10,2629.78786794246,4924.33624534892,0.15123597816043,0.020176169724415,1,1.55100000000675,0.649841140819843,53,32,0.113221127403765,16.2826376406484,4850.21856730923,0.118901388312608,0.0256137618148421,932.917000000001,12,0,0.187642966250885,21.9815908913947,5450.17272762815,0.222646108692453,0.0750313205996718,22.3059999999823
"190",10000,0.0125,0.8,2,40,10,0.418430152397128,7.82528061976606,0.905,0.9075,10,305.536696967943,594.367207516105,0.284491935317023,0.00983395328461409,1,1.54500000001281,0.338645855130776,178,20,0.352258448034026,10.1605585344649,683.933018428321,0.446800750859257,0.0165090535907066,2.80499999999302,8,0,0.5361012231867,14.4216397356653,896.031271326298,0.857234829562509,0.0334452592610134,67.6369999999879
"191",10000,0.0125,0.8,2,40,1,0.344347854849456,19.119290102984,0.9125,0.9875,10,2794.82533581838,5330.18771390711,0.171341103114233,0.0285492058403589,1,1.58400000000256,0.606915479842313,46,22,0.124240822461439,17.1514913761397,5355.06357009188,0.13552714291635,0.0351481284493864,2.95700000002398,15,0,0.238528343118222,24.5350645263896,6222.15757770041,0.264560816490722,0.0918152803436537,1081.973
"192",10000,0.0125,0.8,2,40,10,0.427018069774035,8.31056154937633,0.905,0.9,10,465.181117217914,787.677858606516,0.341594483660879,0.0105483334918759,1,1.53900000001886,0.342187350335155,169,20,0.338025450642067,9.45243150670252,806.200073941756,0.377497595911191,0.0169496609674367,3.06399999998393,8,0,0.57950776603251,14.2575489373408,1094.22216320782,0.843961415083907,0.0465720933158576,65.7969999999914
"193",10000,0.0125,0.8,2,40,1,0.308219541430276,21.0759104889945,0.9,0.98,10,3019.49249681939,6574.21481559543,0.180471666372625,0.026750020014184,1,1.65099999998347,0.59145410779591,58,19,0.0923692226058061,16.6139059215344,5837.02250559835,0.0944424651750715,0.040547556593482,3,17,0,0.180278218472467,22.6589869361019,6309.02320232059,0.195608289558984,0.0957841969737654,29.3029999999853
"194",10000,0.0125,0.8,2,40,10,0.40221060740306,10.377610961189,0.87,0.8,10,355.206703909503,781.235396098485,0.391800786322128,0.0109105962859175,1,1.49500000002445,0.307732669101926,160,21,0.313702546899945,10.6197574045642,797.442917135568,0.407225648145652,0.0173593219592975,2.57699999999022,9,0,0.604572803848469,17.1698622190907,1140.23110563801,1.05418079113191,0.0495137076804557,1082.50099999999
"195",10000,0.0125,0.8,2,40,1,0.245510396978004,18.1139100268955,0.915,0.9975,10,2904.8379505907,5134.10544503434,0.135800190296746,0.0187834980551144,1,1.64700000002631,0.586146814659756,50,29,0.0687432295058089,12.9913302144654,4835.20085398213,0.0782105583084337,0.0222505261235585,2.86800000001676,12,0,0.168265041986168,21.4140978452272,5726.42916424401,0.211950586625301,0.0830921495604032,21.1070000000182
"196",10000,0.0125,0.8,2,40,10,0.438975045382364,10.0881167946246,0.86,0.8525,10,336.856128113121,825.405529593887,0.386793189035253,0.0110403821039282,1,1.61999999999534,0.331624941957113,222,21,0.39550332509013,11.6985026700572,856.029088442476,0.462683026283779,0.0187486868837564,2.78699999998207,6,0,0.587703486461065,15.7846198494275,1146.44359146029,1.04035547080366,0.0466176626741598,1019.715
"197",10000,0.0125,0.8,2,40,1,0.314427441937712,18.7833720624226,0.9,0.99,10,2683.77223976684,5220.2934451438,0.185635881626034,0.024154511681091,1,1.56700000001001,0.601859679261511,99,30,0.140112735789973,16.153867351164,4917.78739809838,0.142699980805754,0.0388518986391879,3.29199999998673,13,0,0.169652391954124,20.9293583163526,5197.05582456183,0.231658349375659,0.0852692190197968,19.6450000000186
"198",10000,0.0125,0.8,2,40,10,0.372200225015859,10.032323688401,0.9325,0.9725,10,491.407647466389,879.828105482041,0.362553304393121,0.0100555716999425,1,1.5800000000163,0.648106823132823,141,21,0.285241077337146,10.6198244761591,873.044383259254,0.394879757130144,0.0153835397316897,2.75599999999395,10,0,0.523705462352266,14.8332571132861,1066.34718582928,0.88727676868821,0.0425147978698711,554.573000000004
"199",10000,0.0125,0.8,2,40,1,0.30972805907763,21.6435547456967,0.9225,0.9925,10,3017.13008085207,5962.04075656589,0.188180367154949,0.0240279540378773,1,1.57099999999627,0.699395806452424,55,29,0.116905670691368,17.6219022234369,5458.67762139423,0.137631943627623,0.034041494312382,2.85599999999977,15,0,0.228943852062799,24.1230848437918,5843.50866587353,0.25756326864916,0.0802727534349153,21.2459999999846
"200",10000,0.0125,0.8,2,40,10,0.38477049897371,8.04000404761897,0.9225,0.975,10,355.125391808077,656.05935654805,0.3036875395606,0.00986536544131511,1,1.65099999998347,0.628141217129576,231,17,0.388679975274886,9.58123618747102,687.393112353178,0.344819718540109,0.0158490866604073,2.78700000001118,7,0,0.479931543951494,13.7379155231256,951.263947968176,0.839864337558115,0.0368210125683053,66.3509999999951
